[cargo-make] INFO - cargo make 0.37.24
[cargo-make] INFO - 
[cargo-make] INFO - Build File: Makefile.toml
[cargo-make] INFO - Task: check
[cargo-make] INFO - Profile: development
[cargo-make] INFO - Running Task: fmt
[cargo-make] INFO - Execute Command: "cargo" "clippy" "--locked" "--workspace" "--all-targets" "--all-features" "--" "-D" "warnings"
    Checking cfg-if v1.0.4
    Checking foldhash v0.2.0
    Checking memchr v2.8.0
    Checking equivalent v1.0.2
    Checking once_cell v1.21.4
    Checking typenum v1.20.0
    Checking itoa v1.0.18
    Checking allocator-api2 v0.2.21
    Checking serde_core v1.0.228
    Checking libc v0.2.186
    Checking zmij v1.0.21
    Checking stable_deref_trait v1.2.1
    Checking zeroize v1.8.2
    Checking num-traits v0.2.19
    Checking zerofrom v0.1.8
    Checking log v0.4.29
    Checking subtle v2.6.1
    Checking scopeguard v1.2.0
    Checking hashbrown v0.17.1
   Compiling getrandom v0.3.4
    Checking zerocopy v0.8.48
    Checking percent-encoding v2.3.2
    Checking lock_api v0.4.14
    Checking yoke v0.8.2
    Checking litemap v0.8.2
    Checking base64 v0.22.1
    Checking writeable v0.6.3
    Checking utf8_iter v1.0.4
    Checking thiserror v2.0.18
    Checking icu_normalizer_data v2.2.0
    Checking icu_properties_data v2.2.0
    Checking zerovec v0.11.6
    Checking zerotrie v0.2.4
    Checking regex-syntax v0.8.10
    Checking const-oid v0.9.6
    Checking aho-corasick v1.1.4
    Checking bytes v1.11.1
    Checking errno v0.3.14
   Compiling jobserver v0.1.34
    Checking getrandom v0.2.17
    Checking hashbrown v0.16.1
    Checking encoding_rs v0.8.35
    Checking anstyle v1.0.14
    Checking base16ct v0.2.0
    Checking unicode-width v0.2.2
    Checking generic-array v0.14.7
   Compiling cc v1.2.62
   Compiling anyhow v1.0.102
    Checking tinystr v0.8.3
    Checking potential_utf v0.1.5
    Checking arraydeque v0.5.1
    Checking icu_collections v2.2.0
    Checking icu_locale_core v2.2.0
    Checking core-foundation-sys v0.8.7
    Checking pin-project-lite v0.2.17
    Checking lazy_static v1.5.0
    Checking fnv v1.0.7
    Checking rand_core v0.10.1
    Checking num-integer v0.1.46
   Compiling either v1.16.0
    Checking crypto-common v0.1.7
    Checking block-buffer v0.10.4
    Checking getrandom v0.4.2
    Checking rand_core v0.6.4
    Checking bit-vec v0.8.0
    Checking num-bigint v0.4.6
    Checking futures-core v0.3.32
    Checking digest v0.10.7
   Compiling itertools v0.12.1
    Checking num-iter v0.1.45
    Checking ref-cast v1.0.25
    Checking annotate-snippets v0.12.16
    Checking hybrid-array v0.4.12
    Checking num-complex v0.4.6
    Checking cpufeatures v0.2.17
    Checking bit-set v0.8.0
    Checking encoding_rs_io v0.1.7
    Checking nohash-hasher v0.2.0
    Checking fastrand v2.4.1
    Checking serde v1.0.228
    Checking bitflags v2.11.1
    Checking indexmap v2.14.0
    Checking serde_json v1.0.150
    Checking semver v1.0.28
    Checking icu_provider v2.2.0
    Checking borrow-or-share v0.2.4
    Checking jiff v0.2.24
    Checking rustix v1.1.4
    Checking regex-automata v0.4.14
    Checking sha2 v0.10.9
    Checking strum v0.28.0
    Checking icu_properties v2.2.0
    Checking micromap v0.3.0
    Checking vsimd v0.8.0
    Checking smallvec v1.15.1
    Checking fluent-uri v0.4.1
    Checking futures-sink v0.3.32
    Checking parking_lot_core v0.9.12
    Checking icu_normalizer v2.2.0
    Checking granit-parser v0.0.2
    Checking outref v0.5.2
    Checking num-rational v0.4.2
    Checking block-buffer v0.12.0
    Checking uuid-simd v0.8.0
    Checking parking_lot v0.12.5
    Checking crypto-common v0.2.2
    Checking email_address v0.2.9
    Checking unicode-general-category v1.1.0
   Compiling cmake v0.1.58
    Checking signal-hook-registry v1.4.8
    Checking num v0.4.3
    Checking mio v1.2.0
    Checking socket2 v0.6.3
   Compiling prost-derive v0.12.6
    Checking fraction v0.15.4
    Checking data-encoding v2.11.0
    Checking bytecount v0.6.9
   Compiling strsim v0.11.1
    Checking num-cmp v0.1.0
    Checking idna_adapter v1.2.2
    Checking const-oid v0.10.2
    Checking leb128fmt v0.1.0
    Checking idna v1.1.0
   Compiling aws-lc-sys v0.41.0
    Checking tokio v1.52.3
    Checking cpufeatures v0.3.0
    Checking slab v0.4.12
    Checking libm v0.2.16
    Checking http v1.4.0
    Checking base64ct v1.8.3
    Checking digest v0.11.3
   Compiling ring v0.17.14
    Checking futures-task v0.3.32
    Checking sha2 v0.11.0
    Checking futures-io v0.3.32
    Checking pem-rfc7468 v0.7.0
    Checking crc32fast v1.5.0
    Checking futures-util v0.3.32
    Checking der v0.7.10
    Checking ahash v0.8.12
    Checking serde-saphyr v0.0.26
    Checking referencing v0.46.5
    Checking tempfile v3.27.0
    Checking specify-digest v0.2.0 (/Users/goldie/git/augentic/specify-cli/crates/digest)
    Checking wasmtime-internal-core v45.0.0
    Checking bumpalo v3.20.3
    Checking regex v1.12.3
    Checking fancy-regex v0.18.0
    Checking tracing-core v0.1.36
    Checking ipnet v2.12.0
    Checking spki v0.7.3
    Checking cranelift-bitset v0.132.0
   Compiling logos-codegen v0.14.4
   Compiling prost v0.12.6
    Checking rustls-pki-types v1.14.1
    Checking tracing v0.1.44
   Compiling fixedbitset v0.4.2
    Checking jsonschema v0.46.5
    Checking untrusted v0.9.0
   Compiling petgraph v0.6.5
    Checking pkcs8 v0.10.2
    Checking futures-channel v0.3.32
    Checking serde_spanned v0.6.9
    Checking toml_datetime v0.6.11
    Checking signature v2.2.0
    Checking ff v0.13.1
   Compiling itertools v0.11.0
    Checking iana-time-zone v0.1.65
    Checking form_urlencoded v1.2.2
    Checking base64 v0.21.7
   Compiling heck v0.4.1
    Checking specify-error v0.2.0 (/Users/goldie/git/augentic/specify-cli/crates/error)
   Compiling unicode-xid v0.2.6
    Checking winnow v0.7.15
    Checking toml_write v0.1.2
   Compiling miette v7.6.0
    Checking group v0.13.0
   Compiling pulley-interpreter v45.0.0
    Checking sec1 v0.7.3
    Checking httparse v1.10.1
    Checking cranelift-entity v0.132.0
    Checking http-body v1.0.1
    Checking crypto-bigint v0.5.5
   Compiling cranelift-codegen-shared v0.132.0
    Checking target-lexicon v0.13.5
    Checking url v2.5.8
   Compiling thiserror v1.0.69
    Checking gimli v0.33.0
   Compiling logos-derive v0.14.4
    Checking cranelift-bforest v0.132.0
    Checking hmac v0.12.1
    Checking tower-service v0.3.3
    Checking atomic-waker v1.1.2
    Checking try-lock v0.2.5
    Checking specify-schema v0.2.0 (/Users/goldie/git/augentic/specify-cli/crates/schema)
   Compiling logos v0.14.4
    Checking rfc6979 v0.4.0
    Checking system-configuration-sys v0.6.0
    Checking chrono v0.4.44
    Checking want v0.3.1
   Compiling darling_core v0.20.11
    Checking core-foundation v0.9.4
    Checking tokio-util v0.7.18
    Checking toml_edit v0.22.27
    Checking specify-diagnostics v0.2.0 (/Users/goldie/git/augentic/specify-cli/crates/diagnostics)
    Checking elliptic-curve v0.13.8
    Checking rustc-hash v2.1.2
   Compiling ucd-trie v0.1.7
    Checking same-file v1.0.6
    Checking foldhash v0.1.5
   Compiling prost-types v0.12.6
    Checking arbitrary v1.4.2
    Checking ryu v1.0.23
    Checking leb128 v0.2.6
    Checking primeorder v0.13.6
    Checking h2 v0.4.14
    Checking ecdsa v0.16.9
    Checking hashbrown v0.15.5
   Compiling cranelift-codegen-meta v0.132.0
    Checking walkdir v2.5.0
   Compiling pest v2.8.6
    Checking system-configuration v0.7.0
    Checking regalloc2 v0.15.1
    Checking cranelift-control v0.132.0
   Compiling const-random-macro v0.1.16
    Checking cranelift-assembler-x64 v0.132.0
    Checking io-lifetimes v2.0.4
    Checking webpki-roots v1.0.7
    Checking hashbrown v0.14.5
   Compiling darling_core v0.23.0
   Compiling pbjson-build v0.6.2
   Compiling prost-build v0.12.6
    Checking toml v0.8.23
   Compiling protox-parse v0.6.1
   Compiling prost-reflect v0.13.1
    Checking wasmparser v0.248.0
    Checking sync_wrapper v1.0.2
    Checking core-foundation v0.10.1
    Checking security-framework-sys v2.17.0
    Checking cobs v0.3.0
    Checking hex v0.4.3
    Checking tower-layer v0.3.3
   Compiling darling_macro v0.20.11
    Checking termcolor v1.4.1
    Checking security-framework v3.7.0
    Checking tower v0.5.3
    Checking postcard v1.1.3
   Compiling pest_meta v2.8.6
   Compiling darling v0.20.11
   Compiling pbjson-types v0.6.0
    Checking const-random v0.1.18
    Checking object v0.39.1
    Checking p256 v0.13.2
    Checking pbjson v0.6.0
    Checking wasm-encoder v0.248.0
    Checking wasmparser v0.121.2
    Checking hyper v1.9.0
   Compiling cranelift-codegen v0.132.0
   Compiling protox v0.6.1
    Checking secrecy v0.8.0
   Compiling darling_macro v0.23.0
    Checking wasmtime-internal-component-util v45.0.0
    Checking simd-adler32 v0.3.9
    Checking adler2 v2.0.1
    Checking utf8parse v0.2.2
    Checking hyper-util v0.1.20
    Checking miniz_oxide v0.8.9
    Checking anstyle-parse v1.0.0
   Compiling darling v0.23.0
    Checking dlv-list v0.5.2
    Checking warg-crypto v0.9.2
   Compiling derive_builder_core v0.20.2
   Compiling pest_generator v2.8.6
    Checking tower-http v0.6.11
   Compiling warg-protobuf v0.9.2
    Checking io-extras v0.18.4
    Checking fs-set-times v0.20.3
    Checking wasmparser v0.244.0
    Checking serde_urlencoded v0.7.1
    Checking http-body-util v0.1.3
    Checking maybe-owned v0.3.4
    Checking is_terminal_polyfill v1.70.2
    Checking colorchoice v1.0.5
    Checking anstyle-query v1.1.5
    Checking option-ext v0.2.0
    Checking konst_macro_rules v0.2.19
    Checking ambient-authority v0.0.2
    Checking tinyvec_macros v0.1.1
   Compiling wit-parser v0.248.0
    Checking tinyvec v1.11.0
    Checking cap-primitives v3.4.5
    Checking dirs-sys v0.4.1
    Checking konst v0.2.20
    Checking anstream v1.0.0
   Compiling derive_builder_macro v0.20.2
    Checking wasmprinter v0.248.0
   Compiling pest_derive v2.8.6
    Checking flate2 v1.1.9
    Checking ordered-multimap v0.7.3
    Checking hashlink v0.8.4
   Compiling wasmtime-internal-fiber v45.0.0
   Compiling const_format_proc_macros v0.2.34
    Checking wasm-encoder v0.250.0
    Checking bitmaps v2.1.0
    Checking unicode-segmentation v1.13.2
    Checking topological-sort v0.2.2
    Checking minimal-lexical v0.2.1
    Checking glob v0.3.3
    Checking clap_lex v1.1.0
    Checking convert_case v0.6.0
    Checking nom v7.1.3
    Checking clap_builder v4.6.0
    Checking sized-chunks v0.6.5
    Checking json5 v0.4.1
    Checking wasmtime-environ v45.0.0
    Checking wast v250.0.0
    Checking const_format v0.2.36
    Checking auditable-serde v0.8.0
    Checking yaml-rust2 v0.8.1
    Checking rust-ini v0.20.0
   Compiling serde_with_macros v3.20.0
    Checking derive_builder v0.20.2
    Checking unicode-normalization v0.1.25
   Compiling wasmtime v45.0.0
    Checking ron v0.8.1
   Compiling wasmtime-internal-wit-bindgen v45.0.0
    Checking itertools v0.14.0
    Checking spdx v0.10.9
    Checking serde_with v3.20.0
    Checking rand_xoshiro v0.6.0
    Checking ordered-float v2.10.1
    Checking unsafe-libyaml v0.2.11
    Checking lazy_static v0.2.11
    Checking id-arena v2.3.0
    Checking strum v0.27.2
    Checking pathdiff v0.2.3
    Checking warg-transparency v0.9.2
    Checking serde_yaml v0.9.34+deprecated
    Checking tint v1.0.1
    Checking serde-value v0.7.0
    Checking clap v4.6.1
    Checking im-rc v15.1.0
    Checking olpc-cjson v0.1.4
    Checking wasm-encoder v0.244.0
    Checking wit-parser v0.244.0
    Checking cap-std v3.4.5
    Checking wasm-encoder v0.41.2
    Checking config v0.14.1
    Checking directories v5.0.1
    Checking specify-model v0.2.0 (/Users/goldie/git/augentic/specify-cli/crates/model)
    Checking jsonwebtoken v10.4.0
    Checking wasmtime-internal-jit-icache-coherence v45.0.0
    Checking console v0.15.11
   Compiling wasmtime-internal-component-macro v45.0.0
    Checking wasm-metadata v0.244.0
    Checking mach2 v0.4.3
    Checking wat v1.250.0
    Checking http-auth v0.1.10
    Checking mime v0.3.17
    Checking shell-words v1.1.1
    Checking unicase v2.9.0
    Checking ptree v0.5.2
    Checking wasm-compose v0.5.5
    Checking wasmprinter v0.2.80
    Checking dirs v5.0.1
    Checking dialoguer v0.11.0
    Checking keyring v3.6.3
    Checking sha256 v1.6.0
    Checking wit-component v0.244.0
    Checking futures v0.3.32
    Checking matchers v0.2.0
    Checking chacha20 v0.10.0
    Checking sharded-slab v0.1.7
    Checking thread_local v1.1.9
    Checking etcetera v0.11.0
    Checking normpath v1.5.1
    Checking wasm-pkg-common v0.15.0
    Checking rand v0.10.1
    Checking cap-fs-ext v3.4.5
    Checking cap-net-ext v3.4.5
    Checking cap-time-ext v3.4.5
    Checking ureq-proto v0.6.0
    Checking docker_credential v1.4.0
    Checking utf8-zero v0.8.1
    Checking crossbeam-utils v0.8.21
    Checking tracing-subscriber v0.3.23
    Checking wait-timeout v0.2.1
    Checking fixedbitset v0.5.7
    Checking bstr v1.12.1
    Checking specify-validate v0.2.0 (/Users/goldie/git/augentic/specify-cli/crates/validate)
    Checking predicates-core v1.0.10
   Compiling specify v0.2.0 (/Users/goldie/git/augentic/specify-cli)
    Checking specify-agents v0.2.0 (/Users/goldie/git/augentic/specify-cli/crates/agents)
    Checking clap_complete v4.6.5
    Checking petgraph v0.8.3
    Checking crossbeam-epoch v0.9.18
   Compiling assert_cmd v2.2.2
    Checking globset v0.4.18
    Checking difflib v0.4.0
    Checking crossbeam-deque v0.8.6
    Checking rayon-core v1.13.0
    Checking termtree v0.5.1
    Checking ignore v0.4.25
    Checking predicates-tree v1.0.13
    Checking predicates v3.1.4
    Checking rand_core v0.9.5
    Checking ppv-lite86 v0.2.21
    Checking quick-error v1.2.3
    Checking unarray v0.1.4
    Checking oci-spec v0.9.0
    Checking rusty-fork v0.3.1
    Checking rand v0.9.4
    Checking rayon v1.12.0
    Checking rand_chacha v0.9.0
    Checking rand_xorshift v0.4.0
    Checking proptest v1.11.0
    Checking specify-standards v0.2.0 (/Users/goldie/git/augentic/specify-cli/crates/standards)
    Checking warg-protocol v0.9.2
    Checking warg-api v0.9.2
    Checking cranelift-frontend v0.132.0
    Checking wasmtime-internal-unwinder v45.0.0
    Checking cranelift-native v0.132.0
    Checking wasmtime-internal-cranelift v45.0.0
   Compiling aws-lc-rs v1.17.0
   Compiling rustls v0.23.40
    Checking rustls-webpki v0.103.13
    Checking tokio-rustls v0.26.4
    Checking rustls-platform-verifier v0.7.0
    Checking ureq v3.3.0
    Checking hyper-rustls v0.27.9
    Checking reqwest v0.13.3
    Checking reqwest v0.12.28
    Checking oci-client v0.16.1
    Checking warg-client v0.9.2
    Checking wasmtime-wasi-io v45.0.0
    Checking wasmtime-wasi v45.0.0
    Checking oci-wasm v0.4.0
    Checking wasm-pkg-client v0.15.0
    Checking specify-tool v0.2.0 (/Users/goldie/git/augentic/specify-cli/crates/tool)
    Checking specify-workflow v0.2.0 (/Users/goldie/git/augentic/specify-cli/crates/workflow)
    Finished `dev` profile [unoptimized + debuginfo] target(s) in 24.70s
[cargo-make] INFO - Running Task: vectis-wasm
   Compiling proc-macro2 v1.0.106
   Compiling quote v1.0.45
   Compiling unicode-ident v1.0.24
   Compiling autocfg v1.5.0
   Compiling serde_core v1.0.228
   Compiling version_check v0.9.5
   Compiling serde v1.0.228
   Compiling stable_deref_trait v1.2.1
   Compiling icu_properties_data v2.2.0
   Compiling icu_normalizer_data v2.2.0
   Compiling zmij v1.0.21
   Compiling zerocopy v0.8.48
   Compiling parking_lot_core v0.9.12
   Compiling ref-cast v1.0.25
   Compiling libc v0.2.186
   Compiling cfg-if v1.0.4
   Compiling smallvec v1.15.1
   Compiling serde_json v1.0.149
   Compiling writeable v0.6.3
   Compiling memchr v2.8.0
   Compiling ahash v0.8.12
   Compiling litemap v0.8.2
   Compiling wit-bindgen v0.57.1
   Compiling unicode-general-category v1.1.0
   Compiling num-traits v0.2.19
   Compiling getrandom v0.3.4
   Compiling utf8_iter v1.0.4
   Compiling aho-corasick v1.1.4
   Compiling generic-array v0.14.7
   Compiling regex-syntax v0.8.10
   Compiling scopeguard v1.2.0
   Compiling thiserror v2.0.18
   Compiling once_cell v1.21.4
   Compiling syn v2.0.117
   Compiling lock_api v0.4.14
   Compiling regex-automata v0.4.14
   Compiling synstructure v0.13.2
   Compiling bit-vec v0.8.0
   Compiling zerofrom-derive v0.1.7
   Compiling yoke-derive v0.8.2
   Compiling zerovec-derive v0.11.3
   Compiling displaydoc v0.2.5
   Compiling serde_derive v1.0.228
   Compiling ref-cast-impl v1.0.25
   Compiling num-integer v0.1.46
   Compiling thiserror-impl v2.0.18
   Compiling zerofrom v0.1.7
   Compiling num-bigint v0.4.6
   Compiling num-iter v0.1.45
   Compiling wasip2 v1.0.3+wasi-0.2.9
   Compiling num-complex v0.4.6
   Compiling equivalent v1.0.2
   Compiling foldhash v0.2.0
   Compiling num-rational v0.4.2
   Compiling allocator-api2 v0.2.21
   Compiling borrow-or-share v0.2.4
   Compiling typenum v1.20.0
   Compiling anstyle v1.0.14
   Compiling itoa v1.0.18
   Compiling hashbrown v0.16.1
   Compiling num v0.4.3
   Compiling bit-set v0.8.0
   Compiling encoding_rs v0.8.35
   Compiling outref v0.5.2
   Compiling arraydeque v0.5.1
   Compiling utf8parse v0.2.2
   Compiling micromap v0.3.0
   Compiling lazy_static v1.5.0
   Compiling percent-encoding v2.3.2
   Compiling unicode-width v0.2.2
   Compiling vsimd v0.8.0
   Compiling parking_lot v0.12.5
   Compiling uuid-simd v0.8.0
   Compiling annotate-snippets v0.12.16
   Compiling encoding_rs_io v0.1.7
   Compiling fraction v0.15.4
   Compiling anstyle-parse v1.0.0
   Compiling fancy-regex v0.18.0
   Compiling regex v1.12.3
   Compiling anstyle-query v1.1.5
   Compiling data-encoding v2.11.0
   Compiling nohash-hasher v0.2.0
   Compiling bytecount v0.6.9
   Compiling base64 v0.22.1
   Compiling num-cmp v0.1.0
   Compiling colorchoice v1.0.5
   Compiling is_terminal_polyfill v1.70.2
   Compiling anstream v1.0.0
   Compiling block-buffer v0.10.4
   Compiling crypto-common v0.1.7
   Compiling strsim v0.11.1
   Compiling yoke v0.8.2
   Compiling heck v0.5.0
   Compiling winnow v1.0.2
   Compiling clap_lex v1.1.0
   Compiling clap_builder v4.6.0
   Compiling toml_parser v1.1.2+spec-1.1.0
   Compiling clap_derive v4.6.1
   Compiling digest v0.10.7
   Compiling email_address v0.2.9
   Compiling serde_spanned v1.1.1
   Compiling toml_datetime v1.1.1+spec-1.1.0
   Compiling toml_writer v1.1.1+spec-1.1.0
   Compiling toml v1.1.2+spec-1.1.0
   Compiling clap v4.6.1
   Compiling fluent-uri v0.4.1
   Compiling sha2 v0.10.9
   Compiling referencing v0.46.4
   Compiling saphyr-parser-bw v0.0.611
   Compiling serde-saphyr v0.0.25
   Compiling zerovec v0.11.6
   Compiling zerotrie v0.2.4
   Compiling tinystr v0.8.3
   Compiling potential_utf v0.1.5
   Compiling icu_collections v2.2.0
   Compiling icu_locale_core v2.2.0
   Compiling icu_provider v2.2.0
   Compiling icu_normalizer v2.2.0
   Compiling icu_properties v2.2.0
   Compiling idna_adapter v1.2.2
   Compiling idna v1.1.0
   Compiling jsonschema v0.46.4
   Compiling specify-vectis v0.4.0 (/Users/goldie/git/augentic/specify-cli/wasi-tools/vectis)
    Finished `release` profile [optimized] target(s) in 31.78s
Vectis WASI artifact written to /Users/goldie/git/augentic/specify-cli/target/vectis-wasi-tools/release
[cargo-make] INFO - Execute Command: "cargo" "nextest" "run" "--all" "--all-features" "--no-tests=pass"
   Compiling proc-macro2 v1.0.106
   Compiling quote v1.0.45
   Compiling unicode-ident v1.0.24
   Compiling libc v0.2.186
   Compiling serde_core v1.0.228
   Compiling cfg-if v1.0.4
   Compiling serde v1.0.228
   Compiling memchr v2.8.0
   Compiling foldhash v0.2.0
   Compiling equivalent v1.0.2
   Compiling once_cell v1.21.4
   Compiling version_check v0.9.5
   Compiling itoa v1.0.18
   Compiling typenum v1.20.0
   Compiling heck v0.5.0
   Compiling log v0.4.29
   Compiling regex-syntax v0.8.10
   Compiling zmij v1.0.21
   Compiling hashbrown v0.17.1
   Compiling serde_json v1.0.150
   Compiling autocfg v1.5.1
   Compiling allocator-api2 v0.2.21
   Compiling stable_deref_trait v1.2.1
   Compiling parking_lot_core v0.9.12
   Compiling getrandom v0.3.4
   Compiling scopeguard v1.2.0
   Compiling lock_api v0.4.14
   Compiling fnv v1.0.7
   Compiling zerocopy v0.8.48
   Compiling num-traits v0.2.19
   Compiling lazy_static v1.5.0
   Compiling base64 v0.22.1
   Compiling writeable v0.6.3
   Compiling litemap v0.8.2
   Compiling percent-encoding v2.3.2
   Compiling thiserror v2.0.18
   Compiling ahash v0.8.12
   Compiling utf8_iter v1.0.4
   Compiling anyhow v1.0.102
   Compiling bytes v1.11.1
   Compiling icu_properties_data v2.2.0
   Compiling icu_normalizer_data v2.2.0
   Compiling subtle v2.6.1
   Compiling rustix v1.1.4
   Compiling syn v2.0.117
   Compiling bitflags v2.11.1
   Compiling indexmap v2.14.0
   Compiling aho-corasick v1.1.4
   Compiling encoding_rs v0.8.35
   Compiling anstyle v1.0.14
   Compiling fastrand v2.4.1
   Compiling regex-automata v0.4.14
   Compiling hashbrown v0.16.1
   Compiling unicode-width v0.2.2
   Compiling generic-array v0.14.7
   Compiling base16ct v0.2.0
   Compiling synstructure v0.13.2
   Compiling either v1.16.0
   Compiling errno v0.3.14
   Compiling arraydeque v0.5.1
   Compiling const-oid v0.9.6
   Compiling jobserver v0.1.34
   Compiling getrandom v0.2.17
   Compiling shlex v1.3.0
   Compiling find-msvc-tools v0.1.9
   Compiling getrandom v0.4.2
   Compiling rand_core v0.10.1
   Compiling ref-cast v1.0.25
   Compiling cc v1.2.62
   Compiling annotate-snippets v0.12.16
   Compiling serde_derive v1.0.228
   Compiling zeroize_derive v1.4.3
   Compiling zeroize v1.8.2
   Compiling zerofrom-derive v0.1.7
   Compiling yoke-derive v0.8.2
   Compiling zerovec-derive v0.11.3
   Compiling zerofrom v0.1.8
   Compiling displaydoc v0.2.5
   Compiling thiserror-impl v2.0.18
   Compiling num-integer v0.1.46
   Compiling regex v1.12.3
   Compiling num-bigint v0.4.6
   Compiling strum_macros v0.28.0
   Compiling ref-cast-impl v1.0.25
   Compiling encoding_rs_io v0.1.7
   Compiling bit-vec v0.8.0
   Compiling nohash-hasher v0.2.0
   Compiling num-rational v0.4.2
   Compiling bit-set v0.8.0
   Compiling num-iter v0.1.45
   Compiling num-complex v0.4.6
   Compiling jiff v0.2.24
   Compiling hybrid-array v0.4.12
   Compiling borrow-or-share v0.2.4
   Compiling unicode-general-category v1.1.0
   Compiling strum v0.28.0
   Compiling num v0.4.3
   Compiling semver v1.0.28
   Compiling vsimd v0.8.0
   Compiling micromap v0.3.0
   Compiling outref v0.5.2
   Compiling core-foundation-sys v0.8.7
   Compiling uuid-simd v0.8.0
   Compiling fraction v0.15.4
   Compiling block-buffer v0.12.0
   Compiling crypto-common v0.2.2
   Compiling fancy-regex v0.18.0
   Compiling bytecount v0.6.9
   Compiling libm v0.2.16
   Compiling data-encoding v2.11.0
   Compiling num-cmp v0.1.0
   Compiling const-oid v0.10.2
   Compiling pin-project-lite v0.2.17
   Compiling digest v0.11.3
   Compiling cpufeatures v0.3.0
   Compiling sha2 v0.11.0
   Compiling rand_core v0.6.4
   Compiling futures-core v0.3.32
   Compiling strsim v0.11.1
   Compiling specify-digest v0.2.0 (/Users/goldie/git/augentic/specify-cli/crates/digest)
   Compiling cpufeatures v0.2.17
   Compiling itertools v0.12.1
   Compiling futures-sink v0.3.32
   Compiling tokio-macros v2.7.0
   Compiling cmake v0.1.58
   Compiling signal-hook-registry v1.4.8
   Compiling mio v1.2.0
   Compiling socket2 v0.6.3
   Compiling ident_case v1.0.1
   Compiling dunce v1.0.5
   Compiling leb128fmt v0.1.0
   Compiling fs_extra v1.3.0
   Compiling slab v0.4.12
   Compiling wasmtime-internal-core v45.0.0
   Compiling prost-derive v0.12.6
   Compiling http v1.4.0
   Compiling aws-lc-sys v0.41.0
   Compiling fixedbitset v0.4.2
   Compiling crc32fast v1.5.0
   Compiling base64ct v1.8.3
   Compiling tempfile v3.27.0
   Compiling pem-rfc7468 v0.7.0
   Compiling ring v0.17.14
   Compiling prost v0.12.6
   Compiling futures-macro v0.3.32
   Compiling futures-io v0.3.32
   Compiling thiserror v1.0.69
   Compiling futures-task v0.3.32
   Compiling aws-lc-rs v1.17.0
   Compiling cranelift-srcgen v0.132.0
   Compiling cranelift-assembler-x64-meta v0.132.0
   Compiling der v0.7.10
   Compiling block-buffer v0.10.4
   Compiling crypto-common v0.1.7
   Compiling digest v0.10.7
   Compiling sha2 v0.10.9
   Compiling yoke v0.8.2
   Compiling futures-util v0.3.32
   Compiling smallvec v1.15.1
   Compiling parking_lot v0.12.5
   Compiling granit-parser v0.0.2
   Compiling email_address v0.2.9
   Compiling tokio v1.52.3
   Compiling serde-saphyr v0.0.26
   Compiling specify-error v0.2.0 (/Users/goldie/git/augentic/specify-cli/crates/error)
   Compiling tracing-attributes v0.1.31
   Compiling thiserror-impl v1.0.69
   Compiling bumpalo v3.20.3
   Compiling tracing-core v0.1.36
   Compiling unicode-xid v0.2.6
   Compiling ipnet v2.12.0
   Compiling beef v0.5.2
   Compiling prettyplease v0.2.37
   Compiling logos-codegen v0.14.4
   Compiling tracing v0.1.44
   Compiling cranelift-bitset v0.132.0
   Compiling toml_datetime v0.6.11
   Compiling serde_spanned v0.6.9
   Compiling spki v0.7.3
   Compiling rustls-pki-types v1.14.1
   Compiling pulley-macros v45.0.0
   Compiling fluent-uri v0.4.1
   Compiling toml_write v0.1.2
   Compiling winnow v0.7.15
   Compiling httparse v1.10.1
   Compiling referencing v0.46.5
   Compiling untrusted v0.9.0
   Compiling heck v0.4.1
   Compiling prost-types v0.12.6
   Compiling toml_edit v0.22.27
   Compiling pkcs8 v0.10.2
   Compiling logos-derive v0.14.4
   Compiling petgraph v0.6.5
   Compiling signature v2.2.0
   Compiling futures-channel v0.3.32
   Compiling ff v0.13.1
   Compiling iana-time-zone v0.1.65
   Compiling miette-derive v7.6.0
   Compiling itertools v0.11.0
   Compiling form_urlencoded v1.2.2
   Compiling rustls v0.23.40
   Compiling zerovec v0.11.6
   Compiling zerotrie v0.2.4
   Compiling multimap v0.10.1
   Compiling unicode-width v0.1.14
   Compiling target-lexicon v0.13.5
   Compiling base64 v0.21.7
   Compiling crunchy v0.2.4
   Compiling cranelift-isle v0.132.0
   Compiling pbjson-build v0.6.2
   Compiling miette v7.6.0
   Compiling toml v0.8.23
   Compiling group v0.13.0
   Compiling pulley-interpreter v45.0.0
   Compiling logos v0.14.4
   Compiling sec1 v0.7.3
   Compiling cranelift-entity v0.132.0
   Compiling crypto-bigint v0.5.5
   Compiling http-body v1.0.1
   Compiling tiny-keccak v2.0.2
   Compiling cranelift-codegen-shared v0.132.0
   Compiling system-configuration-sys v0.6.0
   Compiling elliptic-curve v0.13.8
   Compiling cranelift-codegen-meta v0.132.0
   Compiling prost-build v0.12.6
   Compiling tokio-util v0.7.18
   Compiling cranelift-bforest v0.132.0
   Compiling cranelift-assembler-x64 v0.132.0
   Compiling hmac v0.12.1
   Compiling gimli v0.33.0
   Compiling atomic-waker v1.1.2
   Compiling io-lifetimes v2.0.4
   Compiling try-lock v0.2.5
   Compiling same-file v1.0.6
   Compiling tower-service v0.3.3
   Compiling walkdir v2.5.0
   Compiling want v0.3.1
   Compiling h2 v0.4.14
   Compiling rfc6979 v0.4.0
   Compiling tinystr v0.8.3
   Compiling icu_locale_core v2.2.0
   Compiling potential_utf v0.1.5
   Compiling icu_collections v2.2.0
   Compiling icu_provider v2.2.0
   Compiling chrono v0.4.44
   Compiling icu_properties v2.2.0
   Compiling icu_normalizer v2.2.0
   Compiling darling_core v0.20.11
   Compiling core-foundation v0.9.4
   Compiling idna_adapter v1.2.2
   Compiling wasmtime-internal-versioned-export-macros v45.0.0
   Compiling idna v1.1.0
   Compiling ryu v1.0.23
   Compiling arbitrary v1.4.2
   Compiling jsonschema v0.46.5
   Compiling url v2.5.8
   Compiling foldhash v0.1.5
   Compiling object v0.39.1
   Compiling leb128 v0.2.6
   Compiling rustc-hash v2.1.2
   Compiling ucd-trie v0.1.7
   Compiling regalloc2 v0.15.1
   Compiling cranelift-control v0.132.0
   Compiling pest v2.8.6
   Compiling hashbrown v0.15.5
   Compiling hyper v1.9.0
   Compiling darling_macro v0.20.11
   Compiling ecdsa v0.16.9
   Compiling pbjson-types v0.6.0
   Compiling primeorder v0.13.6
   Compiling webpki-roots v1.0.7
   Compiling hashbrown v0.14.5
   Compiling cobs v0.3.0
   Compiling wasmparser v0.248.0
   Compiling prost-reflect v0.13.1
   Compiling darling_core v0.23.0
   Compiling specify-schema v0.2.0 (/Users/goldie/git/augentic/specify-cli/crates/schema)
   Compiling cranelift-codegen v0.132.0
   Compiling sync_wrapper v1.0.2
   Compiling security-framework-sys v2.17.0
   Compiling core-foundation v0.10.1
   Compiling specify-diagnostics v0.2.0 (/Users/goldie/git/augentic/specify-cli/crates/diagnostics)
   Compiling protox-parse v0.6.1
   Compiling async-trait v0.1.89
   Compiling hex v0.4.3
   Compiling system-configuration v0.7.0
   Compiling protox v0.6.1
   Compiling io-extras v0.18.4
   Compiling wasmtime-internal-component-util v45.0.0
   Compiling tower-layer v0.3.3
   Compiling termcolor v1.4.1
   Compiling tower v0.5.3
   Compiling hyper-util v0.1.20
   Compiling darling_macro v0.23.0
   Compiling security-framework v3.7.0
   Compiling postcard v1.1.3
   Compiling pest_meta v2.8.6
   Compiling const-random-macro v0.1.16
   Compiling const-random v0.1.18
   Compiling warg-protobuf v0.9.2
   Compiling p256 v0.13.2
   Compiling darling v0.20.11
   Compiling pbjson v0.6.0
   Compiling secrecy v0.8.0
   Compiling wasm-encoder v0.248.0
   Compiling wasmparser v0.121.2
   Compiling adler2 v2.0.1
   Compiling simd-adler32 v0.3.9
   Compiling utf8parse v0.2.2
   Compiling cap-primitives v3.4.5
   Compiling anstyle-parse v1.0.0
   Compiling miniz_oxide v0.8.9
   Compiling wasmprinter v0.248.0
   Compiling warg-crypto v0.9.2
   Compiling fs-set-times v0.20.3
   Compiling pest_generator v2.8.6
   Compiling darling v0.23.0
   Compiling wasmtime-environ v45.0.0
   Compiling tower-http v0.6.11
   Compiling wasmparser v0.244.0
   Compiling serde_urlencoded v0.7.1
   Compiling http-body-util v0.1.3
   Compiling proc-macro-error-attr2 v2.0.0
   Compiling dlv-list v0.5.2
   Compiling konst_macro_rules v0.2.19
   Compiling id-arena v2.3.0
   Compiling tinyvec_macros v0.1.1
   Compiling maybe-owned v0.3.4
   Compiling option-ext v0.2.0
   Compiling colorchoice v1.0.5
   Compiling is_terminal_polyfill v1.70.2
   Compiling anstyle-query v1.1.5
   Compiling ambient-authority v0.0.2
   Compiling glob v0.3.3
   Compiling wasmtime-internal-unwinder v45.0.0
   Compiling anstream v1.0.0
   Compiling dirs-sys v0.4.1
   Compiling wit-parser v0.248.0
   Compiling proc-macro-error2 v2.0.1
   Compiling derive_builder_core v0.20.2
   Compiling tinyvec v1.11.0
   Compiling konst v0.2.20
   Compiling ordered-multimap v0.7.3
   Compiling pest_derive v2.8.6
   Compiling flate2 v1.1.9
   Compiling specify-model v0.2.0 (/Users/goldie/git/augentic/specify-cli/crates/model)
   Compiling hashlink v0.8.4
   Compiling derive_builder_macro v0.20.2
   Compiling wasmtime-internal-fiber v45.0.0
   Compiling const_format_proc_macros v0.2.34
   Compiling wasm-encoder v0.250.0
   Compiling bitmaps v2.1.0
   Compiling im-rc v15.1.0
   Compiling clap_lex v1.1.0
   Compiling cap-std v3.4.5
   Compiling wasmtime-internal-component-macro v45.0.0
   Compiling topological-sort v0.2.2
   Compiling wasmtime-internal-cranelift v45.0.0
   Compiling unicode-segmentation v1.13.2
   Compiling minimal-lexical v0.2.1
   Compiling nom v7.1.3
   Compiling convert_case v0.6.0
   Compiling wasmtime-internal-wit-bindgen v45.0.0
   Compiling warg-transparency v0.9.2
   Compiling wast v250.0.0
   Compiling wasm-encoder v0.244.0
   Compiling serde_with_macros v3.20.0
   Compiling auditable-serde v0.8.0
   Compiling clap_builder v4.6.0
   Compiling serde_with v3.20.0
   Compiling const_format v0.2.36
   Compiling sized-chunks v0.6.5
   Compiling derive_builder v0.20.2
   Compiling getset v0.1.6
   Compiling yaml-rust2 v0.8.1
   Compiling json5 v0.4.1
   Compiling rust-ini v0.20.0
   Compiling unicode-normalization v0.1.25
   Compiling wasmtime v45.0.0
   Compiling ron v0.8.1
   Compiling spdx v0.10.9
   Compiling rand_xoshiro v0.6.0
   Compiling ordered-float v2.10.1
   Compiling strum_macros v0.27.2
   Compiling clap_derive v4.6.1
   Compiling itertools v0.14.0
   Compiling unsafe-libyaml v0.2.11
   Compiling lazy_static v0.2.11
   Compiling pathdiff v0.2.3
   Compiling strum v0.27.2
   Compiling serde_yaml v0.9.34+deprecated
   Compiling wit-parser v0.244.0
   Compiling tint v1.0.1
   Compiling clap v4.6.1
   Compiling serde-value v0.7.0
   Compiling wasm-metadata v0.244.0
   Compiling wat v1.250.0
   Compiling olpc-cjson v0.1.4
   Compiling directories v5.0.1
   Compiling wasm-encoder v0.41.2
   Compiling jsonwebtoken v10.4.0
   Compiling wasmtime-internal-jit-icache-coherence v45.0.0
   Compiling mach2 v0.4.3
   Compiling console v0.15.11
   Compiling http-auth v0.1.10
   Compiling mime v0.3.17
   Compiling shell-words v1.1.1
   Compiling cap-fs-ext v3.4.5
   Compiling warg-protocol v0.9.2
   Compiling unicase v2.9.0
   Compiling dialoguer v0.11.0
   Compiling wit-component v0.244.0
   Compiling wasm-compose v0.5.5
   Compiling dirs v5.0.1
   Compiling wasmprinter v0.2.80
   Compiling keyring v3.6.3
   Compiling sha256 v1.6.0
   Compiling oci-spec v0.9.0
   Compiling cranelift-frontend v0.132.0
   Compiling cranelift-native v0.132.0
   Compiling config v0.14.1
   Compiling warg-api v0.9.2
   Compiling futures v0.3.32
   Compiling async-recursion v1.1.1
   Compiling matchers v0.2.0
   Compiling chacha20 v0.10.0
   Compiling sharded-slab v0.1.7
   Compiling thread_local v1.1.9
   Compiling etcetera v0.11.0
   Compiling normpath v1.5.1
   Compiling wasm-pkg-common v0.15.0
   Compiling rand v0.10.1
   Compiling cap-net-ext v3.4.5
   Compiling cap-time-ext v3.4.5
   Compiling tracing-subscriber v0.3.23
   Compiling ureq-proto v0.6.0
   Compiling docker_credential v1.4.0
   Compiling utf8-zero v0.8.1
   Compiling crossbeam-utils v0.8.21
   Compiling wait-timeout v0.2.1
   Compiling fixedbitset v0.5.7
   Compiling specify-validate v0.2.0 (/Users/goldie/git/augentic/specify-cli/crates/validate)
   Compiling petgraph v0.8.3
   Compiling bstr v1.12.1
   Compiling rayon-core v1.13.0
   Compiling globset v0.4.18
   Compiling specify-agents v0.2.0 (/Users/goldie/git/augentic/specify-cli/crates/agents)
   Compiling predicates-core v1.0.10
   Compiling specify v0.2.0 (/Users/goldie/git/augentic/specify-cli)
   Compiling clap_complete v4.6.5
   Compiling assert_cmd v2.2.2
   Compiling difflib v0.4.0
   Compiling termtree v0.5.1
   Compiling predicates-tree v1.0.13
   Compiling predicates v3.1.4
   Compiling rand_core v0.9.5
   Compiling ppv-lite86 v0.2.21
   Compiling quick-error v1.2.3
   Compiling rand v0.9.4
   Compiling rusty-fork v0.3.1
   Compiling rand_chacha v0.9.0
   Compiling rand_xorshift v0.4.0
   Compiling unarray v0.1.4
   Compiling ptree v0.5.2
   Compiling proptest v1.11.0
   Compiling crossbeam-epoch v0.9.18
   Compiling crossbeam-deque v0.8.6
   Compiling ignore v0.4.25
   Compiling rayon v1.12.0
   Compiling specify-standards v0.2.0 (/Users/goldie/git/augentic/specify-cli/crates/standards)
   Compiling wasmtime-wasi-io v45.0.0
   Compiling rustls-webpki v0.103.13
   Compiling wasmtime-wasi v45.0.0
   Compiling tokio-rustls v0.26.4
   Compiling rustls-platform-verifier v0.7.0
   Compiling ureq v3.3.0
   Compiling hyper-rustls v0.27.9
   Compiling reqwest v0.13.3
   Compiling reqwest v0.12.28
   Compiling oci-client v0.16.1
   Compiling warg-client v0.9.2
   Compiling oci-wasm v0.4.0
   Compiling wasm-pkg-client v0.15.0
   Compiling specify-tool v0.2.0 (/Users/goldie/git/augentic/specify-cli/crates/tool)
   Compiling specify-workflow v0.2.0 (/Users/goldie/git/augentic/specify-cli/crates/workflow)
    Finished `test` profile [unoptimized + debuginfo] target(s) in 53.76s
────────────
 Nextest run ID ec3ad24e-88d7-445a-add8-78e4a2a8db21 with nextest profile: default
    Starting 1876 tests across 40 binaries (3 tests skipped)
        PASS [   0.013s] (   1/1876) specify runtime::commands::upgrade::tests::resolve_channel_maps_forced_flags
        PASS [   0.014s] (   2/1876) specify runtime::commands::upgrade::tests::target_display_head_when_unresolved
        PASS [   0.014s] (   3/1876) specify runtime::commands::source::prep::tests::value_bound_source_dir_absent
        PASS [   0.014s] (   4/1876) specify runtime::commands::source::prep::tests::scratch_keys_under_survey_segment
        PASS [   0.014s] (   5/1876) specify runtime::commands::upgrade::tests::target_display_strips_v_prefix
        PASS [   0.014s] (   6/1876) specify runtime::commands::source::prep::tests::path_bound_mounts_four_roots
        PASS [   0.015s] (   7/1876) specify runtime::commands::lint::project::tests::tasks_parser_collects_paths
        PASS [   0.015s] (   8/1876) specify runtime::commands::source::prep::tests::extract_scratch_keys_under_slice_segment
        PASS [   0.015s] (   9/1876) specify runtime::commands::source::prep::tests::survey_segment_matches_wire_name
        PASS [   0.015s] (  10/1876) specify runtime::commands::lint::project::tests::tasks_parser_touches_and_produces
        PASS [   0.015s] (  11/1876) specify runtime::output::tests::exit_code_table_matches_exit
        PASS [   0.017s] (  12/1876) specify runtime::commands::agents::tests::render_input_skips_for_workspaces
        PASS [   0.017s] (  13/1876) specify runtime::commands::contract::dump::tests::contract_covers_known_surface
        PASS [   0.039s] (  14/1876) specify runtime::commands::agents::tests::assemble_render_input_sorted_metadata
        PASS [   0.091s] (  15/1876) specify runtime::commands::lint::framework_tools::tests::dist_digests_pinned
        PASS [   2.180s] (  16/1876) specify::bootstrap upgrade::upgrade_without_consent_refuses
        PASS [   2.183s] (  17/1876) specify::bootstrap upgrade::dry_run_reports_channel_commands
        PASS [   2.197s] (  18/1876) specify::bootstrap migrate::check_migration_probe_reports_none
        PASS [   2.183s] (  19/1876) specify::bootstrap migrate::migrate_reports_no_registered_migrators
        PASS [   2.111s] (  20/1876) specify::catalog_infer bind_rejects_non_hex_fingerprint
        PASS [   2.188s] (  21/1876) specify::catalog_infer bind_dry_run_prints_diff_without_writing
        PASS [   2.215s] (  22/1876) specify::bootstrap plugins::refresh_without_consent_refuses
        PASS [   2.215s] (  23/1876) specify::bootstrap plugins::doctor_degrades_to_present_without_git
        PASS [   2.217s] (  24/1876) specify::bootstrap plugins::refresh_deletes_scoped_cache
        PASS [   0.035s] (  25/1876) specify::catalog_infer report_absent_baseline_is_empty
        PASS [   0.043s] (  26/1876) specify::catalog_infer bind_rejects_non_kebab_slug
        PASS [   2.226s] (  27/1876) specify::catalog_infer bind_preserves_rejected
        PASS [   0.014s] (  28/1876) specify::cli base::help_exits_zero_and_prints_usage
        PASS [   2.233s] (  29/1876) specify::catalog_infer bind_leaves_existing_confirmed_untouched
        PASS [   2.234s] (  30/1876) specify::catalog_infer bind_is_idempotent_for_a_fixed_map
        PASS [   2.235s] (  31/1876) specify::bootstrap plugins::doctor_reports_ok_drifted_missing_extra
        PASS [   0.007s] (  32/1876) specify::cli errors::error_variants_map_to_exit_codes
        PASS [   0.056s] (  33/1876) specify::catalog_infer bind_writes_supplied_slug
        PASS [   0.008s] (  34/1876) specify::cli errors::every_documented_code_is_covered
        PASS [   0.061s] (  35/1876) specify::catalog_infer bind_suffixes_slug_collision
        PASS [   0.011s] (  36/1876) specify::cli errors::success_is_zero
        PASS [   0.019s] (  37/1876) specify::cli_contract dump_text_format_summarises
        PASS [   0.022s] (  38/1876) specify::cli_contract dump_carries_known_surface
        PASS [   0.032s] (  39/1876) specify::cli_contract dump_validates_against_schema
        PASS [   0.088s] (  40/1876) specify::cli_contract wire_codes_cover_production_literals
        PASS [   0.150s] (  41/1876) specify::cli base::migration_required_exit_four_json
        PASS [   0.155s] (  42/1876) specify::cli base::version_too_old_exits_three_json
        PASS [   0.198s] (  43/1876) specify::e2e task_progress_reports_counts_and_items
        PASS [   0.185s] (  44/1876) specify::e2e validate_good_slice_passes
        PASS [   0.202s] (  45/1876) specify::e2e validate_bad_slice_fails_with_exit_two
        PASS [   0.086s] (  46/1876) specify::init base::init_platforms_not_allowed_errors
        PASS [   0.221s] (  47/1876) specify::e2e task_mark_is_idempotent
        PASS [   0.091s] (  48/1876) specify::init base::init_json_format_has_stable_shape
        PASS [   0.037s] (  49/1876) specify::init base::init_with_adapter_and_workspace_errors
        PASS [   0.034s] (  50/1876) specify::init base::init_with_no_args_errors
        PASS [   0.259s] (  51/1876) specify::e2e merge_two_spec_slice_produces_baselines
        PASS [   0.037s] (  52/1876) specify::init base::init_workspace_refuses_when_present
        PASS [   0.032s] (  53/1876) specify::init base::upgrade_conflicts_workspace_migration
        PASS [   0.058s] (  54/1876) specify::init base::upgrade_preserves_workspace_registry
        PASS [   0.074s] (  55/1876) specify::init base::upgrade_bumps_version_keeps_artifacts
        PASS [   0.130s] (  56/1876) specify::init base::init_text_format_succeeds
        PASS [   0.106s] (  57/1876) specify::init base::init_writes_adapter_field_for_url_arg
        PASS [   0.130s] (  58/1876) specify::init base::init_platforms_persists_declared_set
        PASS [   0.259s] (  59/1876) specify::e2e workspace_merge_stamps_plan_via_plan_dir
        PASS [   0.029s] (  60/1876) specify::init shapes::brownfield
        PASS [   0.031s] (  61/1876) specify::init shapes::workspace
        PASS [   0.089s] (  62/1876) specify::init base::workspace_writes_canonical_shape
        PASS [   0.133s] (  63/1876) specify::init base::init_writes_agents_fences_and_lock
        PASS [   0.008s] (  64/1876) specify::journal divergence_kebab_case_round_trip
        PASS [   0.144s] (  65/1876) specify::journal agent_emit_one_event_per_line
        PASS [   0.154s] (  66/1876) specify::init shapes::greenfield
        PASS [   0.159s] (  67/1876) specify::journal amend_divergence_accepted_to_rejected
        PASS [   0.208s] (  68/1876) specify::journal amend_divergence_none_to_accepted
        PASS [   0.223s] (  69/1876) specify::journal amend_divergence_likely_to_rejected
        PASS [   0.214s] (  70/1876) specify::journal amend_divergence_rejected_to_accepted
        PASS [   0.218s] (  71/1876) specify::journal emit_appends_one_line_per_event
        PASS [   0.129s] (  72/1876) specify::journal emit_incomplete_payload_rejected
        PASS [   0.115s] (  73/1876) specify::journal journal_emit_unknown_event_is_rejected
        PASS [   0.121s] (  74/1876) specify::journal emit_m3_failed_requires_reason
        PASS [   0.280s] (  75/1876) specify::journal emit_appends_m3_build_merge
        PASS [   0.210s] (  76/1876) specify::journal plan_amend_divergence_likely_round_trips
        PASS [   0.190s] (  77/1876) specify::journal plan_amend_without_divergence_no_event
        PASS [   0.200s] (  78/1876) specify::journal plan_amend_divergence_none_to_likely
        PASS [   0.168s] (  79/1876) specify::journal plan_transition_rejects_unknown_actor
        PASS [   0.194s] (  80/1876) specify::journal plan_transition_emits_event
        PASS [   0.201s] (  81/1876) specify::journal plan_transition_records_agent_actor
        PASS [   0.200s] (  82/1876) specify::journal show_filter_and_limit
        PASS [   0.794s] (  83/1876) specify::e2e workspace_merge_excludes_generated
        PASS [   0.027s] (  84/1876) specify::lint framework::authoring_predicate_kind_is_removed
        PASS [   0.275s] (  85/1876) specify::journal show_json_envelope
        PASS [   0.200s] (  86/1876) specify::journal show_missing_journal_is_empty
        PASS [   0.216s] (  87/1876) specify::journal slice_create_writes_no_refined_journal
        PASS [   0.217s] (  88/1876) specify::journal show_text_is_canonical_jsonl
        PASS [   0.212s] (  89/1876) specify::journal slice_transition_built_no_refined_event
        PASS [   0.188s] (  90/1876) specify::journal slice_transition_refined_writes
        PASS [   0.027s] (  91/1876) specify::lint framework::pretty_format_emits_diagnostics_summary
        PASS [   0.208s] (  92/1876) specify::journal slice_validate_provenance_no_journal
        PASS [   0.210s] (  93/1876) specify::journal slice_validate_appends_synthesis
        PASS [   0.170s] (  94/1876) specify::lint framework::constant_eq_flags_skill_name_prefix
        PASS [   0.044s] (  95/1876) specify::lint framework::framework_lint_writes_no_journal
        PASS [   0.045s] (  96/1876) specify::lint framework::json_envelope_validates_against_schema
        PASS [   0.099s] (  97/1876) specify::lint framework::content_digest_eq_flags_drifted_overlay
        PASS [   0.072s] (  98/1876) specify::lint framework::cross_reference_flags_orphan_dir
        PASS [   0.016s] (  99/1876) specify::lint project::bare_lint_requires_subcommand
        PASS [   0.070s] ( 100/1876) specify::lint framework::duplicate_rule_id_skips_declarative_pass
        PASS [   0.038s] ( 101/1876) specify::lint framework_json::missing_framework_root_emits_envelope
        PASS [   0.054s] ( 102/1876) specify::lint framework::set_eq_flags_brief_divergence
        PASS [   0.056s] ( 103/1876) specify::lint framework::unique_flags_duplicate_scenario_id
        PASS [   0.071s] ( 104/1876) specify::lint framework_json::clean_tree_emits_empty_envelope
        PASS [   0.064s] ( 105/1876) specify::lint framework_json::text_output_renders_summary
        PASS [   0.054s] ( 106/1876) specify::lint project::cardinality_flags_long_section
        PASS [   0.092s] ( 107/1876) specify::lint project::blocking_tier_drives_exit
        PASS [   0.074s] ( 108/1876) specify::lint project::fenced_block_flags_long_json
        PASS [   0.077s] ( 109/1876) specify::lint project::emits_lint_completed_event
        PASS [   0.065s] ( 110/1876) specify::lint project::field_grammar_flags_first_word
        PASS [   0.062s] ( 111/1876) specify::lint project::path_pattern_scopes_regex
        PASS [   0.062s] ( 112/1876) specify::lint project::reference_resolves_flags_broken_link
        PASS [   0.044s] ( 113/1876) specify::lint project::review_missing_rules_root_exits_2
        PASS [   0.098s] ( 114/1876) specify::lint project::review_dump_model_exits_0
        PASS [   0.119s] ( 115/1876) specify::lint project::presence_file_flags_missing
        PASS [   0.075s] ( 116/1876) specify::lint project::set_coverage_flags_uncovered_tool
        PASS [   0.074s] ( 117/1876) specify::lint project::suggestion_finding_present_exits_0
        PASS [   0.089s] ( 118/1876) specify::lint project::review_emits_important_exits_2
        PASS [   0.122s] ( 119/1876) specify::lint project::review_run_byte_stable
        PASS [   0.122s] ( 120/1876) specify::plan archive::plan_archive_missing_file_errors
        PASS [   0.153s] ( 121/1876) specify::plan archive::plan_archive_co_move_collision_halts
        PASS [   0.174s] ( 122/1876) specify::plan archive::archive_filename_kebab_plus_date
        PASS [   0.123s] ( 123/1876) specify::plan archive::plan_archive_happy_path_json
        PASS [   0.143s] ( 124/1876) specify::plan archive::plan_archive_co_moves_working_dir
        PASS [   0.131s] ( 125/1876) specify::plan archive::plan_archive_no_working_dir_json
        PASS [   0.145s] ( 126/1876) specify::plan archive::plan_archive_happy_path_text
        PASS [   0.164s] ( 127/1876) specify::plan archive::plan_archive_refuses_json_lists_entries
        PASS [   0.098s] ( 128/1876) specify::plan archive::plan_archive_refuses_without_force
        PASS [   0.162s] ( 129/1876) specify::plan archive::plan_archive_with_force_succeeds
        PASS [   0.163s] ( 130/1876) specify::plan archive::plan_archive_refuses_when_dest_exists
        PASS [   0.163s] ( 131/1876) specify::plan authority::add_authority_override_seeds_map
        PASS [   0.204s] ( 132/1876) specify::plan authority::amend_authority_override_round_trips
        PASS [   0.211s] ( 133/1876) specify::plan authority::amend_authority_override_set_then_clear
        PASS [   0.180s] ( 134/1876) specify::plan authority::amend_override_unknown_slice_refused
        PASS [   0.246s] ( 135/1876) specify::plan authority::amend_clear_override_removes_one
        PASS [   0.121s] ( 136/1876) specify::plan authority::plan_amend_override_bad_kind_refused
        PASS [   0.161s] ( 137/1876) specify::plan authority::plan_amend_override_orphan_refused
        PASS [   0.161s] ( 138/1876) specify::plan authority::slice_validate_authority_override_orphan
        PASS [   0.227s] ( 139/1876) specify::plan authority::plan_amend_clear_overrides_wipes_map
        PASS [   0.100s] ( 140/1876) specify::plan create::create_auto_approve_no_partial_events
        PASS [   0.160s] ( 141/1876) specify::plan create::create_auto_approve_stamps
        PASS [   0.172s] ( 142/1876) specify::plan create::create_refuses_overwrite
        PASS [   0.172s] ( 143/1876) specify::plan create::create_scaffolds_matches_golden
        PASS [   0.186s] ( 144/1876) specify::plan create::create_auto_approve_then_validate_passes
        PASS [   0.131s] ( 145/1876) specify::plan create::plan_create_auto_approve_invalid_name
        PASS [   0.200s] ( 146/1876) specify::plan create::plan_create_then_validate_passes_clean
        PASS [   0.207s] ( 147/1876) specify::plan create::plan_create_auto_approve_idempotent
        PASS [   0.291s] ( 148/1876) specify::plan create::plan_human_replay_matches_fixture
        PASS [   0.272s] ( 149/1876) specify::plan mutate::plan_add_appends_pending_entry_json
        PASS [   0.266s] ( 150/1876) specify::plan mutate::plan_add_rejects_duplicate_name_text
        PASS [   0.224s] ( 151/1876) specify::plan mutate::plan_add_rejects_invalid_name
        PASS [   0.568s] ( 152/1876) specify::plan end_to_end::composition_overwrite_gate_blocks
        PASS [   0.232s] ( 153/1876) specify::plan mutate::plan_amend_leaves_field_alone
        PASS [   0.243s] ( 154/1876) specify::plan mutate::plan_amend_clears_description
        PASS [   0.204s] ( 155/1876) specify::plan mutate::plan_amend_on_missing_entry_fails
        PASS [   0.207s] ( 156/1876) specify::plan mutate::plan_amend_replaces_depends_on
        PASS [   0.762s] ( 157/1876) specify::plan end_to_end::kernel_projection_deterministic
        PASS [   0.188s] ( 158/1876) specify::plan mutate::plan_remove_drops_pending_entry
        PASS [   0.823s] ( 159/1876) specify::plan end_to_end::composition_accumulates_across_slices
        PASS [   0.178s] ( 160/1876) specify::plan mutate::plan_remove_refuses_when_depended_on
        PASS [   0.196s] ( 161/1876) specify::plan next::plan_next_all_done_text
        PASS [   0.154s] ( 162/1876) specify::plan next::plan_next_drained_no_journal
        PASS [   0.173s] ( 163/1876) specify::plan next::plan_next_reports_in_progress
        PASS [   0.174s] ( 164/1876) specify::plan next::plan_next_picks_first_pending_text
        PASS [   0.175s] ( 165/1876) specify::plan next::plan_next_picks_first_pending_json
        PASS [   0.161s] ( 166/1876) specify::plan next::plan_next_stuck_when_deps_unmet
        PASS [   0.186s] ( 167/1876) specify::plan next::plan_next_journals_entry_advanced
        PASS [   0.149s] ( 168/1876) specify::plan plan_lock::gate_one_approved_is_exempt
        PASS [   0.129s] ( 169/1876) specify::plan plan_lock::next_refuses_unlocked_driver
        PASS [   0.125s] ( 170/1876) specify::plan plan_lock::transition_done_refuses_unlocked_driver
        PASS [   0.146s] ( 171/1876) specify::plan plan_lock::merge_run_refuses_unlocked_driver
        PASS [   0.136s] ( 172/1876) specify::plan plan_lock::transition_undo_refuses_unlocked_driver
        PASS [   0.238s] ( 173/1876) specify::plan plan_lock::gated_verbs_pass_under_lock
        PASS [   0.116s] ( 174/1876) specify::plan propose::propose_dry_run_empty_catalog
        PASS [   0.120s] ( 175/1876) specify::plan propose::propose_dry_run_clears_stale_response
        PASS [   0.117s] ( 176/1876) specify::plan propose::propose_dry_run_workspace_request_golden
        PASS [   0.152s] ( 177/1876) specify::plan propose::propose_dry_run_n1_request_golden
        PASS [   0.161s] ( 178/1876) specify::plan propose::propose_from_emits_single_journal_tail
        PASS [   0.129s] ( 179/1876) specify::plan propose::propose_mode_required
        PASS [   0.149s] ( 180/1876) specify::plan propose::propose_from_fan_out_golden
        PASS [   0.141s] ( 181/1876) specify::plan propose::propose_from_n1_auto_bind_golden
        PASS [   0.125s] ( 182/1876) specify::plan propose::propose_reconcile_depends_on_cycle
        PASS [   0.179s] ( 183/1876) specify::plan propose::propose_reconcile_lead_orphan
        PASS [   0.230s] ( 184/1876) specify::plan propose::propose_re_propose_replaces_all_slices
        PASS [   0.137s] ( 185/1876) specify::plan propose::propose_reconcile_project_orphan
        PASS [   0.138s] ( 186/1876) specify::plan propose::propose_reconcile_slice_name_collision
        PASS [   0.148s] ( 187/1876) specify::plan propose::propose_reconcile_partition_gap
        PASS [   0.166s] ( 188/1876) specify::plan propose::propose_reconcile_slice_source_collision
        PASS [   0.126s] ( 189/1876) specify::plan propose::propose_response_not_found
        PASS [   0.009s] ( 190/1876) specify::plan schema::kebab_name_regex_matches_validate_name
        PASS [   0.017s] ( 191/1876) specify::plan schema::schema_rejects_non_kebab_name
        PASS [   1.593s] ( 192/1876) specify::plan end_to_end::fan_in_twice_fan_out_once
        PASS [   0.018s] ( 193/1876) specify::plan schema::schema_rejects_unknown_status
        PASS [   0.147s] ( 194/1876) specify::plan propose::propose_response_schema_rejected
        PASS [   0.026s] ( 195/1876) specify::plan schema::schema_validates_plan_example
        PASS [   0.117s] ( 196/1876) specify::plan propose::reconcile_project_binding_required
        PASS [   0.213s] ( 197/1876) specify::plan propose::propose_refuses_on_approved_plan
        PASS [   0.193s] ( 198/1876) specify::plan propose::reconcile_incremental_bootstraps
        PASS [   0.193s] ( 199/1876) specify::plan propose::reconcile_greenfield_app_foundation
        PASS [   0.085s] ( 200/1876) specify::plan source_binding::add_rejects_dangling_equals
        PASS [   0.155s] ( 201/1876) specify::plan source_binding::amend_add_source_duplicate_key_rejected
        PASS [   0.175s] ( 202/1876) specify::plan source_binding::amend_divergence_accepted_writes
        PASS [   0.150s] ( 203/1876) specify::plan source_binding::amend_remove_source_unknown_key_errors
        PASS [   0.178s] ( 204/1876) specify::plan source_binding::amend_divergence_likely_writes
        PASS [   0.157s] ( 205/1876) specify::plan source_binding::amend_sources_duplicate_key_rejected
        PASS [   0.175s] ( 206/1876) specify::plan source_binding::amend_divergence_rejected_writes
        PASS [   0.224s] ( 207/1876) specify::plan source_binding::amend_sources_resize_passes
        PASS [   0.116s] ( 208/1876) specify::plan source_binding::plan_add_structured_lead_differs
        PASS [   0.148s] ( 209/1876) specify::plan source_binding::plan_add_bare_source_round_trips
        PASS [   0.115s] ( 210/1876) specify::plan source_binding::plan_add_structured_sources_round_trips
        PASS [   0.196s] ( 211/1876) specify::plan source_binding::plan_amend_divergence_none_refused
        PASS [   0.208s] ( 212/1876) specify::plan source_binding::plan_amend_add_source_appends_binding
        PASS [   0.206s] ( 213/1876) specify::plan source_binding::plan_amend_remove_source_drops_binding
        PASS [   0.115s] ( 214/1876) specify::plan status::status_active_refine_json
        PASS [   0.112s] ( 215/1876) specify::plan status::status_drained_renders_finalize_hint
        PASS [   0.124s] ( 216/1876) specify::plan status::status_built_slice_dispatches_merge
        PASS [   0.168s] ( 217/1876) specify::plan status::status_build_failure_stops
        PASS [   0.117s] ( 218/1876) specify::plan status::status_is_read_only
        PASS [   0.111s] ( 219/1876) specify::plan status::status_pending_plan_stops
        PASS [   0.107s] ( 220/1876) specify::plan transition::plan_transition_rejects_illegal_edge
        PASS [   0.138s] ( 221/1876) specify::plan transition::plan_transition_legal_edge_json
        PASS [   0.146s] ( 222/1876) specify::plan transition::plan_transition_happy_path_text
        PASS [   0.181s] ( 223/1876) specify::plan transition::plan_transition_rejects_retired_states
        PASS [   0.142s] ( 224/1876) specify::plan transition::transition_plan_level_approved
        PASS [   0.092s] ( 225/1876) specify::plan transition::transition_rejects_unknown_reason
        PASS [   0.141s] ( 226/1876) specify::plan transition::transition_rejects_per_entry_in_progress
        PASS [   0.130s] ( 227/1876) specify::plan transition::transition_undo_done_to_in_progress
        PASS [   0.140s] ( 228/1876) specify::plan validate::plan_validate_clean_json
        PASS [   0.121s] ( 229/1876) specify::plan validate::plan_validate_clean_text
        PASS [   0.174s] ( 230/1876) specify::plan transition::undo_in_progress_to_pending_refuses
        PASS [   0.133s] ( 231/1876) specify::plan validate::plan_validate_payloads_round_trip_typed
        PASS [   0.135s] ( 232/1876) specify::plan validate::plan_validate_healthy_exits_zero
        PASS [   0.137s] ( 233/1876) specify::plan validate::plan_validate_tolerates_in_progress
        PASS [   0.147s] ( 234/1876) specify::plan validate::plan_validate_surfaces_registry_errors
        PASS [   0.123s] ( 235/1876) specify::plan validate::plan_validate_with_errors_json
        PASS [   0.121s] ( 236/1876) specify::registry add_rejects_dot_url_in_workspace_mode
        PASS [   0.154s] ( 237/1876) specify::plan validate::planning_stage_ab_brief_and_validate
        PASS [   0.108s] ( 238/1876) specify::registry add_rejects_non_kebab
        PASS [   0.103s] ( 239/1876) specify::registry add_round_trips_through_show
        PASS [   0.101s] ( 240/1876) specify::registry add_succeeds_without_adapter
        PASS [   0.175s] ( 241/1876) specify::plan validate::validate_reports_topology_cache_stale
        PASS [   0.091s] ( 242/1876) specify::registry init_workspace_validate_rejects_dot_url
        PASS [   0.123s] ( 243/1876) specify::registry load_from_tempdir
        PASS [   0.295s] ( 244/1876) specify::plan validate::validate_reports_all_health_diagnostics
        PASS [   0.118s] ( 245/1876) specify::registry remove_refuses_when_absent
        PASS [   0.105s] ( 246/1876) specify::registry remove_unknown_project_errors
        PASS [   0.138s] ( 247/1876) specify::registry remove_succeeds_and_round_trips
        PASS [   0.101s] ( 248/1876) specify::registry validate_absent
        PASS [   0.125s] ( 249/1876) specify::registry validate_duplicate_name
        PASS [   0.210s] ( 250/1876) specify::registry remove_warns_on_plan_ref
        PASS [   0.106s] ( 251/1876) specify::registry validate_non_kebab
        PASS [   0.112s] ( 252/1876) specify::registry validate_malformed_version
        PASS [   0.100s] ( 253/1876) specify::registry validate_on_bare_repo
        PASS [   0.120s] ( 254/1876) specify::registry validate_multi_project
        PASS [   0.138s] ( 255/1876) specify::registry validate_unknown_key
        PASS [   0.091s] ( 256/1876) specify::registry validate_well_formed
        PASS [   0.091s] ( 257/1876) specify::registry workspace_validate_succeeds_empty
        PASS [   0.091s] ( 258/1876) specify::rules codex::rules_sync_on_hub_without_source_errors
        PASS [   0.090s] ( 259/1876) specify::rules export::include_core_flag_toggles_core_rules
        PASS [   0.018s] ( 260/1876) specify::rules export::negative_rules_root_required
        PASS [   0.019s] ( 261/1876) specify::rules export::negative_text_format_rejected
        PASS [   0.120s] ( 262/1876) specify::rules codex::codex_cache_export_no_rules_root
        PASS [   0.109s] ( 263/1876) specify::rules codex::rules_sync_refreshes_codex_cache
        PASS [   0.076s] ( 264/1876) specify::rules export::include_deprecated_surfaces_rule
        PASS [   0.049s] ( 265/1876) specify::rules export::paths_anchored_not_absolute
        PASS [   0.050s] ( 266/1876) specify::rules export::replaced_by_uses_kebab_wire_key
        PASS [   0.051s] ( 267/1876) specify::rules export::target_overlay_rolls_up_with_shared
        PASS [   0.064s] ( 268/1876) specify::rules export::source_overlay_carries_origin_source
        PASS [   0.117s] ( 269/1876) specify::rules export::stable_ordering_byte_identical
        PASS [   0.141s] ( 270/1876) specify::rust_quality no_bare_allow_attributes
        PASS [   0.138s] ( 271/1876) specify::rust_quality no_long_test_fn_names
        PASS [   0.147s] ( 272/1876) specify::rust_quality no_clock_reads_in_workflow_library
        PASS [   0.196s] ( 273/1876) specify::slice build::finalize_missing_report_errors
        PASS [   0.207s] ( 274/1876) specify::slice build::finalize_matched_ui_surface_no_warnings
        PASS [   0.224s] ( 275/1876) specify::slice build::finalize_absent_ui_surface_no_warnings
        PASS [   0.207s] ( 276/1876) specify::slice build::finalize_rejects_success_blocking
        PASS [   0.253s] ( 277/1876) specify::slice build::finalize_validates_and_gates_built
        PASS [   0.273s] ( 278/1876) specify::slice build::finalize_warns_empty_composition
        PASS [   0.189s] ( 279/1876) specify::slice create::create_continue_reuses_existing_dir
        PASS [   0.278s] ( 280/1876) specify::slice build::finalize_warns_unexpected_composition
        PASS [   0.200s] ( 281/1876) specify::slice build::prepare_writes_request_no_transition
        PASS [   0.228s] ( 282/1876) specify::slice build::tool_execution_reports_unsupported_seam
        PASS [   0.173s] ( 283/1876) specify::slice create::create_errors_on_collision
        PASS [   0.099s] ( 284/1876) specify::slice create::create_rejects_uppercase_name
        PASS [   0.107s] ( 285/1876) specify::slice create::create_writes_dir_and_metadata
        PASS [   0.159s] ( 286/1876) specify::slice decisions::bad_slug_grammar_fires
        PASS [   0.163s] ( 287/1876) specify::slice decisions::clean_record_raises_no_decision_findings
        PASS [   0.182s] ( 288/1876) specify::slice decisions::bad_schema_fires
        PASS [   0.152s] ( 289/1876) specify::slice decisions::slug_collision_fires
        PASS [   0.175s] ( 290/1876) specify::slice decisions::missing_section_fires
        PASS [   0.175s] ( 291/1876) specify::slice decisions::supersede_orphan_fires
        PASS [   0.175s] ( 292/1876) specify::slice decisions::supersede_to_baseline_silent
        PASS [   0.120s] ( 293/1876) specify::slice decisions::supersede_to_sibling_silent
        PASS [   0.159s] ( 294/1876) specify::slice drift::drift_flags_claim_kind_mismatch
        PASS [   0.151s] ( 295/1876) specify::slice drift::drift_flags_cross_ref_orphan
        PASS [   0.177s] ( 296/1876) specify::slice drift::drift_clean_slice_fires_none
        PASS [   0.129s] ( 297/1876) specify::slice drift::drift_flags_id_grammar
        PASS [   0.136s] ( 298/1876) specify::slice drift::drift_flags_model_schema
        PASS [   0.157s] ( 299/1876) specify::slice drift::drift_flags_source_orphan
        PASS [   0.148s] ( 300/1876) specify::slice drift::drift_flags_spec_provenance_stale
        PASS [   0.101s] ( 301/1876) specify::slice merge::archive_prune_dry_run_removes_nothing
        PASS [   0.103s] ( 302/1876) specify::slice drop::drop_transitions_and_archives
        PASS [   0.108s] ( 303/1876) specify::slice merge::archive_prune_keeps_recent_by_count
        PASS [   0.124s] ( 304/1876) specify::slice merge::archive_prune_requires_a_bound
        PASS [   0.159s] ( 305/1876) specify::slice drift::drift_flags_target_drift
        PASS [   0.114s] ( 306/1876) specify::slice merge::conflict_check_flags_modified_newer
        PASS [   0.119s] ( 307/1876) specify::slice merge::conflict_check_detects_drift_when_newer
        PASS [   0.112s] ( 308/1876) specify::slice merge::conflict_check_ignores_new_entries
        PASS [   0.117s] ( 309/1876) specify::slice merge::conflict_check_no_conflicts_unmodified
        PASS [   0.117s] ( 310/1876) specify::slice merge::conflict_check_no_drift_for_new_files
        PASS [   0.085s] ( 311/1876) specify::slice merge::conflict_check_no_drift_no_contracts
        PASS [   0.081s] ( 312/1876) specify::slice merge::conflict_check_no_drift_when_older
        PASS [   0.015s] ( 313/1876) specify::slice metadata::help_lists_axis_verbs
        PASS [   0.176s] ( 314/1876) specify::slice merge::preview_emits_readable_text
        PASS [   0.171s] ( 315/1876) specify::slice merge::preview_reports_operations
        PASS [   0.137s] ( 316/1876) specify::slice metadata::metadata_without_outcome_still_parses
        PASS [   0.193s] ( 317/1876) specify::slice merge::emits_merge_started_then_failed
        PASS [   0.189s] ( 318/1876) specify::slice merge::preview_doesnt_require_built_status
        PASS [   0.012s] ( 319/1876) specify::slice metadata::phase_outcome_round_trips_serde
        PASS [   0.196s] ( 320/1876) specify::slice merge::run_emits_merge_started_then_succeeded
        PASS [   0.268s] ( 321/1876) specify::slice merge::run_archives_and_emits_ledger_event
        PASS [   0.167s] ( 322/1876) specify::slice model_show::model_show_fails_without_model
        PASS [   0.156s] ( 323/1876) specify::slice plan_dir::synthesize_errors_cite_override_path
        PASS [   0.169s] ( 324/1876) specify::slice overlap::overlap_reports_shared_adapters
        PASS [   0.182s] ( 325/1876) specify::slice model_show::model_show_renders_json_and_text
        PASS [   0.180s] ( 326/1876) specify::slice overlap::overlap_empty_for_disjoint_slices
        PASS [   0.243s] ( 327/1876) specify::slice plan_dir::synthesize_resolves_plan_via_env
        PASS [   0.173s] ( 328/1876) specify::slice plan_dir::synthesize_resolves_plan_via_flag
        PASS [   0.133s] ( 329/1876) specify::slice provenance::provenance_fails_without_model
        PASS [   0.219s] ( 330/1876) specify::slice provenance::provenance_projects_from_model
        PASS [   0.252s] ( 331/1876) specify::slice synthesize::provenance_recomputes_labels
        PASS [   0.192s] ( 332/1876) specify::slice synthesize::synthesize_aborts_on_source_orphan
        PASS [   0.301s] ( 333/1876) specify::slice plan_dir::validate_reads_plan_via_flag
        PASS [   0.285s] ( 334/1876) specify::slice synthesize::intent_only_slice_validates_clean
        PASS [   0.193s] ( 335/1876) specify::slice synthesize::synthesize_aborts_on_claim_kind_mismatch
        PASS [   0.209s] ( 336/1876) specify::slice synthesize::synthesize_dry_run_emits_inputs_envelope
        PASS [   0.118s] ( 337/1876) specify::slice synthesize::synthesize_dry_run_omits_authority
        PASS [   0.210s] ( 338/1876) specify::slice synthesize::synthesize_requires_a_mode
        PASS [   0.340s] ( 339/1876) specify::slice synthesize::synthesize_from_no_provenance
        PASS [   0.376s] ( 340/1876) specify::slice synthesize::synthesize_from_is_deterministic
        PASS [   0.345s] ( 341/1876) specify::slice synthesize::synthesize_normalizes_fields
        PASS [   0.358s] ( 342/1876) specify::slice synthesize::synthesize_from_projects_and_persists
        PASS [   0.320s] ( 343/1876) specify::slice synthesize::synthesize_resolves_per_kind_divergence
        PASS [   0.435s] ( 344/1876) specify::slice synthesize::synthesize_same_authority_conflict
        PASS [   0.133s] ( 345/1876) specify::slice transition::transition_rejects_illegal_edge
        PASS [   0.143s] ( 346/1876) specify::slice touched_specs::touched_specs_accepts_explicit_list
        PASS [   0.151s] ( 347/1876) specify::slice transition::transition_rejects_merged_target
        PASS [   0.167s] ( 348/1876) specify::slice touched_specs::touched_specs_classifies_new_vs_modified
        PASS [   0.301s] ( 349/1876) specify::slice synthesize::synthesize_then_validate_is_drift_clean
        PASS [   0.177s] ( 350/1876) specify::slice transition::transition_walks_happy_path
        PASS [   0.143s] ( 351/1876) specify::slice validate::flags_thin_synopsis_non_blocking
        PASS [   0.145s] ( 352/1876) specify::slice validate::skips_provenance_no_metadata
        PASS [   0.160s] ( 353/1876) specify::slice validate::validate_rejects_malformed_id
        PASS [   0.144s] ( 354/1876) specify::slice validate::validate_rejects_missing_id
        PASS [   0.144s] ( 355/1876) specify::slice validate::validate_rejects_missing_sources
        PASS [   0.178s] ( 356/1876) specify::slice validate::validate_rejects_missing_status
        PASS [   0.151s] ( 357/1876) specify::slice validate::validate_rejects_source_not_in_plan
        PASS [   0.119s] ( 358/1876) specify::slice validate::validate_rejects_unknown_status
        PASS [   0.121s] ( 359/1876) specify::slice validate::validate_rejects_tag_status_mismatch
        PASS [   0.146s] ( 360/1876) specify::slice validate_catalog::skips_catalog_drift_no_catalog
        PASS [   0.162s] ( 361/1876) specify::slice validate_catalog::validate_detects_rejected_catalog_entry
        PASS [   0.164s] ( 362/1876) specify::slice validate_catalog::validate_detects_missing_catalog_entry
        PASS [   0.139s] ( 363/1876) specify::slice validate_catalog::validate_passes_when_slug_confirmed
        PASS [   0.177s] ( 364/1876) specify::slice validate_catalog::validate_ignores_candidate_notes
        PASS [   0.144s] ( 365/1876) specify::slice validate_catalog::validate_passes_with_empty_catalog
        PASS [   0.144s] ( 366/1876) specify::slice validate_file_location::root_spec_without_canonical
        PASS [   6.173s] ( 367/1876) specify::lint framework_json::violations_tree_emits_expected_envelope
        PASS [   0.129s] ( 368/1876) specify::slice validate_file_location::skipped_when_canonical_exists
        PASS [   0.107s] ( 369/1876) specify::slice validate_file_location::skipped_when_no_root_spec
        PASS [   0.108s] ( 370/1876) specify::source extract::finalize_invalid_persists_no_file
        PASS [   0.153s] ( 371/1876) specify::source extract::finalize_missing_evidence_stays_refining
        PASS [   0.160s] ( 372/1876) specify::source extract::finalize_persists_and_completes
        PASS [   0.143s] ( 373/1876) specify::source extract::prepare_prints_envelope_emits_event
        PASS [   0.144s] ( 374/1876) specify::source extract::finalize_value_bound_persists
        PASS [   0.024s] ( 375/1876) specify::source preview::preview_fails_when_adapter_not_found
        PASS [   0.029s] ( 376/1876) specify::source preview::preview_fails_when_source_path_missing
        PASS [   0.056s] ( 377/1876) specify::source preview::default_out_creates_preview
        PASS [   0.054s] ( 378/1876) specify::source preview::preview_creates_output_directory
        PASS [   0.165s] ( 379/1876) specify::source extract::prepare_value_bound_carries_inline
        PASS [   0.173s] ( 380/1876) specify::source extract::prepare_resolves_via_plan_dir
        PASS [   0.124s] ( 381/1876) specify::source extract::unknown_source_errors
        PASS [   0.187s] ( 382/1876) specify::source extract::sandbox_denies_out_of_scope
        PASS [   0.034s] ( 383/1876) specify::source preview::preview_passes_leads_through
        PASS [   0.034s] ( 384/1876) specify::source preview::preview_succeeds_without_specify_dir
        PASS [   0.078s] ( 385/1876) specify::source resolve::resolve_missing_emits_not_found
        PASS [   0.243s] ( 386/1876) specify::source extract::slot_extract_resolves_after_sync
        PASS [   0.108s] ( 387/1876) specify::source resolve::resolve_local_returns_manifest
        PASS [   0.133s] ( 388/1876) specify::source survey::finalize_invalid_lead_set_untouched
        PASS [   0.115s] ( 389/1876) specify::source survey::finalize_merges_and_completes
        PASS [   0.015s] ( 390/1876) specify::target retired_adapter_verb_rejected_by_clap
        PASS [   0.012s] ( 391/1876) specify::target retired_change_verb_rejected_by_clap
        PASS [   0.017s] ( 392/1876) specify::tool contract::dist_digest_pinned
        PASS [   0.154s] ( 393/1876) specify::source survey::finalize_unparseable_lead_set_errors
        PASS [   0.154s] ( 394/1876) specify::source survey::plan_name_mismatch_errors
        PASS [   0.155s] ( 395/1876) specify::source survey::prepare_clears_stale_scratch
        PASS [   0.110s] ( 396/1876) specify::source survey::unknown_source_errors
        PASS [   0.113s] ( 397/1876) specify::target resolve_local_returns_manifest
        PASS [   0.143s] ( 398/1876) specify::source survey::prepare_prints_envelope_emits_event
        PASS [   0.115s] ( 399/1876) specify::target resolve_strips_version_suffix
        PASS [   0.069s] ( 400/1876) specify::tool run::adapter_non_zero_exit_caches_by_scope
        PASS [   0.037s] ( 401/1876) specify::tool run::denied_fs_lifecycle_fail_pre_guest
        PASS [   0.084s] ( 402/1876) specify::tool run::adapter_manifest_reports_sidecar_rules
        PASS [   0.028s] ( 403/1876) specify::tool run::digest_mismatch_fails_before_install
        PASS [   0.021s] ( 404/1876) specify::tool run::help_lists_active_verbs
        PASS [   0.027s] ( 405/1876) specify::tool run::invalid_wasm_runtime_failure_is_typed
        PASS [   0.036s] ( 406/1876) specify::tool run::https_network_failure_is_typed
        PASS [   0.096s] ( 407/1876) specify::tool run::manifest_validation_reports_rule_ids
        PASS [   0.030s] ( 408/1876) specify::tool schema::help_lists_schema_verb
        PASS [   0.604s] ( 409/1876) specify::tool run::gc_prunes_orphaned_cache_entry
        PASS [   0.591s] ( 410/1876) specify::tool run::local_path_source_runs_without_file_uri
        PASS [   0.021s] ( 411/1876) specify::tool schema::schema_undeclared_tool_exits_two
        PASS [   0.590s] ( 412/1876) specify::tool run::name_collision_project_scope_wins
        PASS [   0.071s] ( 413/1876) specify::workspace c01_push_unknown_selector_preflight
        PASS [   0.089s] ( 414/1876) specify::workspace c01_sync_journals_completed_event
        PASS [   0.101s] ( 415/1876) specify::workspace c01_sync_skips_unselected_slots
        PASS [   0.073s] ( 416/1876) specify::workspace c01_sync_unknown_selector_preflight
        PASS [   0.230s] ( 417/1876) specify::workspace c04_prepare_origin_head_diagnostic
        PASS [   1.260s] ( 418/1876) specify::tool run::cache_miss_hit_and_override_observable
        PASS [   0.082s] ( 419/1876) specify::workspace planning_sync_no_registry_exits_zero
        PASS [   0.087s] ( 420/1876) specify::workspace planning_sync_two_symlink_peers
        PASS [   0.360s] ( 421/1876) specify::workspace c04_prepare_returns_json
        PASS [   0.173s] ( 422/1876) specify::workspace push_journals_completed_event
        PASS [   1.717s] ( 423/1876) specify::tool run::allowed_fs_reads_and_writes_declared
        PASS [   0.106s] ( 424/1876) specify::workspace sync_mirror_skips_self_slot
        PASS [   0.017s] ( 425/1876) specify::workspace workspace_help_lists_active_subcommands
        PASS [   0.126s] ( 426/1876) specify::workspace sync_mirror_keeps_foreign_cache_entries
        PASS [   0.014s] ( 427/1876) specify-agents detect::markers::tests::json_comments_respect_strings
        PASS [   0.014s] ( 428/1876) specify-agents detect::markers::tests::go_version_parsing
        PASS [   0.011s] ( 429/1876) specify-agents detect::markers::tests::make_targets_ignore_phony_recipes_and_comments
        PASS [   0.011s] ( 430/1876) specify-agents detect::markers::tests::makefile_targets_are_detected_shallowly
        PASS [   0.011s] ( 431/1876) specify-agents detect::markers::tests::relative_marker_path_uses_forward_slashes
        PASS [   0.011s] ( 432/1876) specify-agents detect::markers::tests::toml_marker_reads_nested_and_array_tables
        PASS [   0.080s] ( 433/1876) specify::workspace sync_no_registry_no_journal
        PASS [   0.010s] ( 434/1876) specify-agents detect::markers::tests::toml_marker_rejects_malformed_input
        PASS [   0.014s] ( 435/1876) specify-agents detect::tests::corrupt_markers_warn_not_detect
        PASS [   0.011s] ( 436/1876) specify-agents fences::parse::tests::parser_none_for_unfenced
        PASS [   0.010s] ( 437/1876) specify-agents fences::parse::tests::parser_rejects_absent_closing_fence
        PASS [   0.017s] ( 438/1876) specify-agents detect::tests::mixed_runtime_order_is_deterministic
        PASS [   0.014s] ( 439/1876) specify-agents fences::parse::tests::parser_rejects_closing_without_opening
        PASS [   0.011s] ( 440/1876) specify-agents fences::parse::tests::parser_rejects_duplicate_metadata_key
        PASS [   0.011s] ( 441/1876) specify-agents fences::parse::tests::parser_rejects_invalid_metadata_line
        PASS [   0.009s] ( 442/1876) specify-agents fences::parse::tests::parser_rejects_missing_terminator
        PASS [   0.008s] ( 443/1876) specify-agents fences::parse::tests::parser_rejects_multiple_closing_fences
        PASS [   0.012s] ( 444/1876) specify-agents fences::parse::tests::parser_rejects_missing_metadata
        PASS [   0.010s] ( 445/1876) specify-agents fences::parse::tests::parser_rejects_multiple_context_blocks
        PASS [   0.009s] ( 446/1876) specify-agents fences::parse::tests::parser_rejects_trailing_space
        PASS [   0.015s] ( 447/1876) specify-agents fences::parse::tests::parser_splits_document_and_metadata
        PASS [   0.009s] ( 448/1876) specify-agents fences::render::tests::writer_preserves_non_utf8_bytes
        PASS [   0.010s] ( 449/1876) specify-agents fences::render::tests::writer_creates_full_document
        PASS [   0.008s] ( 450/1876) specify-agents fences::render::tests::writer_requires_fenced
        PASS [   0.011s] ( 451/1876) specify-agents fences::render::tests::writer_replaces_only_generated_block
        PASS [   0.013s] ( 452/1876) specify-agents fences::render::tests::writer_refuses_unfenced_without_force
        PASS [   0.009s] ( 453/1876) specify-agents fences::render::tests::writer_unchanged_when_bytes_match
        PASS [   0.013s] ( 454/1876) specify-agents fences::render::tests::writer_rewrites_unfenced_with_force
        PASS [   0.012s] ( 455/1876) specify-agents fingerprint::tests::add_if_present_skips_non_files
        PASS [   0.011s] ( 456/1876) specify-agents fingerprint::tests::aggregate_depends_on_cli_version
        PASS [   0.010s] ( 457/1876) specify-agents fingerprint::tests::aggregate_hash_sorts_inputs
        PASS [   0.013s] ( 458/1876) specify-agents fingerprint::tests::aggregate_hash_order_stable
        PASS [   0.010s] ( 459/1876) specify-agents fingerprint::tests::body_hash_changes_with_body
        PASS [   0.009s] ( 460/1876) specify-agents fingerprint::tests::for_context_wires_fields
        PASS [   0.012s] ( 461/1876) specify-agents fingerprint::tests::collector_dedups_and_sorts
        PASS [   0.011s] ( 462/1876) specify-agents fingerprint::tests::input_outside_project_errors
        PASS [   0.010s] ( 463/1876) specify-agents lock::tests::load_missing_is_none
        PASS [   0.013s] ( 464/1876) specify-agents lock::tests::input_diff_sorts_by_path
        PASS [   0.012s] ( 465/1876) specify-agents lock::tests::load_version_gate
        PASS [   0.011s] ( 466/1876) specify-agents lock::tests::lock_serializes_snake_case_keys
        PASS [   0.010s] ( 467/1876) specify-agents render::tests::dependency_bullets_include_descriptions
        PASS [   0.017s] ( 468/1876) specify-agents lock::tests::save_load_round_trips
        PASS [   0.009s] ( 469/1876) specify-agents render::tests::dependency_bullets_sorted
        PASS [   0.010s] ( 470/1876) specify-agents render::tests::full_document_contains_context_fences
        PASS [   0.015s] ( 471/1876) specify-agents render::tests::navigation_lists_workspace_peers
        PASS [   0.013s] ( 472/1876) specify-agents render::tests::regular_project_section_order
        PASS [   0.013s] ( 473/1876) specify-agents render::tests::workspace_omits_detection_sections
        PASS [   0.013s] ( 474/1876) specify-diagnostics diagnostic::tests::severity_ordering_matches_contract
        PASS [   0.013s] ( 475/1876) specify-diagnostics diagnostic::tests::review_kind_never_blocks
        PASS [   0.011s] ( 476/1876) specify-diagnostics diagnostic::tests::summary_counts_each_severity
        PASS [   0.010s] ( 477/1876) specify-diagnostics diagnostic::tests::version_rejects_other_values
        PASS [   0.011s] ( 478/1876) specify-diagnostics diagnostic::tests::tool_source_round_trips
        PASS [   0.013s] ( 479/1876) specify-diagnostics diagnostic::tests::version_serialises_as_one
        PASS [   0.010s] ( 480/1876) specify-diagnostics fingerprint::tests::canonical_json_correctness
        PASS [   0.011s] ( 481/1876) specify-diagnostics fingerprint::tests::digest_summary_and_sha256_differ
        PASS [   0.007s] ( 482/1876) specify-diagnostics fingerprint::tests::fingerprint_is_deterministic
        PASS [   0.012s] ( 483/1876) specify-diagnostics fingerprint::tests::excluded_producer_fields_stable_fp
        PASS [   0.011s] ( 484/1876) specify-diagnostics fingerprint::tests::golden_fingerprint_pins_algorithm
        PASS [   0.013s] ( 485/1876) specify-diagnostics fingerprint::tests::location_dimensions
        PASS [   0.012s] ( 486/1876) specify-diagnostics fingerprint::tests::rule_id_change_changes_fingerprint
        PASS [   0.010s] ( 487/1876) specify-diagnostics fingerprint::tests::snippet_value_changes
        PASS [   0.015s] ( 488/1876) specify-diagnostics fingerprint::tests::summary_and_data_change
        PASS [   0.059s] ( 489/1876) specify-diagnostics fingerprint::tests::excluded_fields_stable
        PASS [   0.011s] ( 490/1876) specify-diagnostics fingerprint::tests::verify_round_trip_and_rejection
        PASS [   0.047s] ( 491/1876) specify-diagnostics fingerprint::tests::rule_id_distinguishes
        PASS [   0.016s] ( 492/1876) specify-diagnostics render::compact::tests::comma_in_title_is_not_escaped
        PASS [   0.011s] ( 493/1876) specify-diagnostics render::compact::tests::empty_report_renders_no_lines
        PASS [   0.009s] ( 494/1876) specify-diagnostics render::compact::tests::missing_id_and_location_dashes
        PASS [   0.010s] ( 495/1876) specify-diagnostics render::compact::tests::one_line_per_finding
        PASS [   0.010s] ( 496/1876) specify-diagnostics render::compact::tests::partial_location_fills_dashes
        PASS [   0.011s] ( 497/1876) specify-diagnostics render::github::tests::annotation_carries_fields
        PASS [   0.013s] ( 498/1876) specify-diagnostics render::compact::tests::renders_tab_separated_fields
        PASS [   0.008s] ( 499/1876) specify-diagnostics render::github::tests::escape_encodes_special_chars
        PASS [   0.010s] ( 500/1876) specify-diagnostics render::github::tests::line_only_location_omits_col_arg
        PASS [   0.012s] ( 501/1876) specify-diagnostics render::github::tests::no_location_omits_position_args
        PASS [   0.013s] ( 502/1876) specify-diagnostics render::github::tests::rule_tag_appears_in_body_when_present
        PASS [   0.010s] ( 503/1876) specify-diagnostics render::github::tests::title_comma_escaped_in_arg_list
        PASS [   0.011s] ( 504/1876) specify-diagnostics render::github::tests::severity_maps_to_github_level
        PASS [   0.024s] ( 505/1876) specify-diagnostics render::json::tests::rejects_missing_summary_key
        PASS [   0.030s] ( 506/1876) specify-diagnostics render::json::tests::empty_report_renders_valid_envelope
        PASS [   0.031s] ( 507/1876) specify-diagnostics render::json::tests::preserves_input_finding_order
        PASS [   0.013s] ( 508/1876) specify-diagnostics render::pretty::tests::each_non_open_status_tag_renders
        PASS [   0.024s] ( 509/1876) specify-diagnostics render::json::tests::round_trips_to_pretty_json
        PASS [   0.027s] ( 510/1876) specify-diagnostics render::json::tests::schema_violation_render_error
        PASS [   0.012s] ( 511/1876) specify-diagnostics render::pretty::tests::empty_report_prints_header
        PASS [   0.009s] ( 512/1876) specify-diagnostics render::pretty::tests::finding_line_fields
        PASS [   0.014s] ( 513/1876) specify-diagnostics render::pretty::tests::header_and_summary_footer_reflect_counts
        PASS [   0.012s] ( 514/1876) specify-diagnostics render::pretty::tests::line_only_location_omits_column
        PASS [   0.013s] ( 515/1876) specify-diagnostics render::pretty::tests::no_location_no_rule_renders_bare_title
        PASS [   0.009s] ( 516/1876) specify-diagnostics render::pretty::tests::open_status_and_no_status_render_no_tag
        PASS [   0.013s] ( 517/1876) specify-diagnostics render::pretty::tests::paint_passes_through_when_color_disabled
        PASS [   0.014s] ( 518/1876) specify-diagnostics render::pretty::tests::paint_wraps_tag_in_ansi
        PASS [   0.013s] ( 519/1876) specify-diagnostics render::pretty::tests::status_tag_renders_for_non_open_findings
        PASS [   0.010s] ( 520/1876) specify-diagnostics validate::tests::evidence_size_rejects_oversize_snippet
        PASS [   0.014s] ( 521/1876) specify-diagnostics validate::tests::fp_rejects_malformed_value
        PASS [   0.025s] ( 522/1876) specify-diagnostics validate::tests::accepts_review_kind
        PASS [   0.013s] ( 523/1876) specify-diagnostics validate::tests::fp_rejects_mismatch
        PASS [   0.030s] ( 524/1876) specify-diagnostics validate::tests::rejects_empty_title
        PASS [   0.028s] ( 525/1876) specify-diagnostics validate::tests::rejects_invalid_rule_id
        PASS [   0.031s] ( 526/1876) specify-diagnostics validate::tests::rejects_invalid_severity
        PASS [   0.010s] ( 527/1876) specify-digest hash::tests::sha256_hex_empty
        PASS [   0.031s] ( 528/1876) specify-diagnostics validate::tests::rejects_snippet_with_extra_sha256
        PASS [   0.014s] ( 529/1876) specify-digest hash::tests::sha256_output_hex_matches_digest
        PASS [   0.030s] ( 530/1876) specify-diagnostics validate::tests::validate_accepts_valid_diagnostic
        PASS [   0.012s] ( 531/1876) specify-error codes::tests::sorted_unique_kebab
        PASS [   0.012s] ( 532/1876) specify-error error::tests::cli_too_old_discriminant_display
        PASS [   0.009s] ( 533/1876) specify-error error::tests::diag_round_trip
        PASS [   0.011s] ( 534/1876) specify-error error::tests::needs_migration_discriminant_hint
        PASS [   0.010s] ( 535/1876) specify-error error::tests::validation_static_code_and_display
        PASS [   0.011s] ( 536/1876) specify-error error::tests::validation_empty_rule_omits_prefix
        PASS [   0.010s] ( 537/1876) specify-error is_kebab_accepts_and_rejects
        PASS [   0.010s] ( 538/1876) specify-error serde_rfc3339::tests::rejects_non_rfc3339_input
        PASS [   0.011s] ( 539/1876) specify-error serde_rfc3339::tests::serialises_canonical_z_second
        PASS [   0.008s] ( 540/1876) specify-error serde_rfc3339_opt::tests::missing_and_null_to_none
        PASS [   0.009s] ( 541/1876) specify-error serde_rfc3339::tests::z_and_offset_same_instant
        PASS [   0.010s] ( 542/1876) specify-error serde_rfc3339::tests::truncates_sub_second
        PASS [   0.009s] ( 543/1876) specify-error serde_rfc3339_opt::tests::none_skipped_with_skip_if
        PASS [   0.009s] ( 544/1876) specify-error serde_rfc3339_opt::tests::present_value_deserialises_to_some
        PASS [   0.010s] ( 545/1876) specify-error serde_rfc3339_opt::tests::present_but_malformed_value_is_rejected
        PASS [   0.009s] ( 546/1876) specify-error serde_rfc3339_opt::tests::some_serialises_as_canonical_stamp
        PASS [   0.017s] ( 547/1876) specify-model atomic::tests::leaves_no_temp_file
        PASS [   0.023s] ( 548/1876) specify-model atomic::tests::creates_missing_parent
        PASS [   0.019s] ( 549/1876) specify-model atomic::tests::overwrite_replaces_whole_file
        PASS [   0.017s] ( 550/1876) specify-model atomic::tests::yaml_round_trips_trailing_newline
        PASS [   0.012s] ( 551/1876) specify-model decision::tests::bad_slug_is_grammar_finding
        PASS [   0.009s] ( 552/1876) specify-model decision::tests::bad_status_enum_is_schema_finding
        PASS [   0.011s] ( 553/1876) specify-model decision::tests::heading_allows_trailing_not_deeper
        PASS [   0.014s] ( 554/1876) specify-model decision::tests::baseline_form_round_trips_through_serde
        PASS [   0.011s] ( 555/1876) specify-model decision::tests::missing_frontmatter_is_schema_finding
        PASS [   0.009s] ( 556/1876) specify-model decision::tests::slug_grammar_rules
        PASS [   0.013s] ( 557/1876) specify-model decision::tests::missing_section_is_section_finding
        PASS [   0.015s] ( 558/1876) specify-model decision::tests::parses_well_formed_record
        PASS [   0.008s] ( 559/1876) specify-model decision::tests::unknown_field_is_schema_finding
        PASS [   0.010s] ( 560/1876) specify-model discovery::document::tests::accepts_existing_inventory_heading
        PASS [   0.011s] ( 561/1876) specify-model discovery::document::tests::accepts_headingless_blocks
        PASS [   0.009s] ( 562/1876) specify-model discovery::document::tests::accepts_whitespace_only_content
        PASS [   0.018s] ( 563/1876) specify-model discovery::document::tests::merge_preserves_ordering
        PASS [   0.011s] ( 564/1876) specify-model discovery::document::tests::parse_rejects_retired_aliases_bullet
        PASS [   0.017s] ( 565/1876) specify-model discovery::document::tests::merge_survey_replaces_same_id_block
        PASS [   0.011s] ( 566/1876) specify-model discovery::document::tests::resolve_lead_matches_id
        PASS [   0.014s] ( 567/1876) specify-model discovery::document::tests::parses_canonical_layout
        PASS [   0.010s] ( 568/1876) specify-model discovery::document::tests::resolve_lead_unknown_errors
        PASS [   0.010s] ( 569/1876) specify-model discovery::document::tests::round_trips_byte_stable_when_unchanged
        PASS [   0.011s] ( 570/1876) specify-model discovery::lead::tests::round_trips_minimal_lead
        PASS [   0.011s] ( 571/1876) specify-model discovery::lead::tests::serde_rejects_retired_aliases_field
        PASS [   0.013s] ( 572/1876) specify-model evidence::authority::tests::authority_class_round_trips_kebab_case
        PASS [   0.013s] ( 573/1876) specify-model evidence::authority::tests::claim_kind_from_str_rejects_unknown
        PASS [   0.012s] ( 574/1876) specify-model evidence::authority::tests::claim_kind_from_str_round_trips
        PASS [   0.010s] ( 575/1876) specify-model evidence::authority::tests::claim_kind_round_trips_kebab_case
        PASS [   0.008s] ( 576/1876) specify-model evidence::claim::example::tests::rejects_unknown_fields
        PASS [   0.009s] ( 577/1876) specify-model evidence::claim::example::tests::elides_optional_fields_when_absent
        PASS [   0.009s] ( 578/1876) specify-model spec::provenance::tests::empty_input_parses_to_empty_spec
        PASS [   0.010s] ( 579/1876) specify-model spec::provenance::tests::body_preserves_interior_blank_lines
        PASS [   0.012s] ( 580/1876) specify-model evidence::claim::example::tests::round_trips_full_body
        PASS [   0.009s] ( 581/1876) specify-model spec::provenance::tests::empty_sources_legal_for_unknown
        PASS [   0.012s] ( 582/1876) specify-model spec::provenance::tests::empty_sources_reported
        PASS [   0.013s] ( 583/1876) specify-model spec::provenance::tests::into_diagnostic_prefixes_path_hint
        PASS [   0.010s] ( 584/1876) specify-model spec::provenance::tests::liberal_brackets_in_sources_line
        PASS [   0.012s] ( 585/1876) specify-model spec::provenance::tests::malformed_id_reported
        PASS [   0.014s] ( 586/1876) specify-model spec::provenance::tests::malformed_source_key_reported
        PASS [   0.014s] ( 587/1876) specify-model spec::provenance::tests::missing_id_reported
        PASS [   0.010s] ( 588/1876) specify-model spec::provenance::tests::missing_sources_reported
        PASS [   0.012s] ( 589/1876) specify-model spec::provenance::tests::missing_status_reported
        PASS [   0.008s] ( 590/1876) specify-model spec::provenance::tests::parses_conflict_block_with_inline_tag
        PASS [   0.010s] ( 591/1876) specify-model spec::provenance::tests::parses_combined_agreement_block
        PASS [   0.010s] ( 592/1876) specify-model spec::provenance::tests::parses_divergence_block_with_inline_tag
        PASS [   0.009s] ( 593/1876) specify-model spec::provenance::tests::parses_single_source_block
        PASS [   0.012s] ( 594/1876) specify-model spec::provenance::tests::parses_multi_block_document
        PASS [   0.008s] ( 595/1876) specify-model spec::provenance::tests::parses_unknown_block_with_inline_tag
        PASS [   0.010s] ( 596/1876) specify-model spec::provenance::tests::req_id_shape_predicate
        PASS [   0.011s] ( 597/1876) specify-model spec::provenance::tests::requirement_status_round_trips
        PASS [   0.009s] ( 598/1876) specify-model spec::provenance::tests::source_key_shape_predicate
        PASS [   0.008s] ( 599/1876) specify-model spec::provenance::tests::tag_mismatch_when_status_lies
        PASS [   0.013s] ( 600/1876) specify-model spec::provenance::tests::source_key_undefined_reported
        PASS [   0.012s] ( 601/1876) specify-model spec::provenance::tests::tag_mismatch_when_tag_lies
        PASS [   0.011s] ( 602/1876) specify-model spec::provenance::tests::unannotated_file_is_skipped
        PASS [   0.010s] ( 603/1876) specify-model spec::provenance::tests::unknown_status_value_reported
        PASS [   0.009s] ( 604/1876) specify-model spec::tests::delta_headers_full_line_match
        PASS [   0.008s] ( 605/1876) specify-model spec::tests::parse_baseline_block_without_id_line
        PASS [   0.011s] ( 606/1876) specify-model spec::tests::has_delta_headers_is_case_insensitive
        PASS [   0.013s] ( 607/1876) specify-model spec::tests::parse_baseline_09_preserves_oddities
        PASS [   0.011s] ( 608/1876) specify-model spec::tests::parse_baseline_case_01_single_req
        PASS [   0.011s] ( 609/1876) specify-model spec::tests::parse_baseline_body_starts_at_heading
        PASS [   0.010s] ( 610/1876) specify-model spec::tests::parse_baseline_case_02_multi_req
        PASS [   0.010s] ( 611/1876) specify-model spec::tests::parse_baseline_preamble_only
        PASS [   0.010s] ( 612/1876) specify-model spec::tests::parse_delta_case_03_new_baseline
        PASS [   0.011s] ( 613/1876) specify-model spec::tests::parse_baseline_case_07_all_sections
        PASS [   0.008s] ( 614/1876) specify-model spec::tests::parse_empty_inputs
        PASS [   0.011s] ( 615/1876) specify-model spec::tests::parse_delta_case_07_all_sections
        PASS [   0.014s] ( 616/1876) specify-model spec::tests::req_id_grammar_boundaries
        PASS [   0.010s] ( 617/1876) specify-model spec::tests::scenario_splitting_round_trips
        PASS [   0.011s] ( 618/1876) specify-model spec::tests::task_id_grammar_boundaries
        PASS [   0.014s] ( 619/1876) specify-model task::tests::capital_x_parses_as_complete
        PASS [   0.012s] ( 620/1876) specify-model task::tests::deep_task_numbers_preserved
        PASS [   0.013s] ( 621/1876) specify-model task::tests::duplicate_task_numbers_are_both_parsed
        PASS [   0.009s] ( 622/1876) specify-model task::tests::empty_input_yields_empty_progress
        PASS [   0.013s] ( 623/1876) specify-model task::tests::mark_complete_duplicate_complete_noop
        PASS [   0.015s] ( 624/1876) specify-model task::tests::mark_complete_first_duplicate
        PASS [   0.013s] ( 625/1876) specify-model task::tests::mark_complete_flips_checkbox
        PASS [   0.016s] ( 626/1876) specify-model task::tests::mark_complete_idempotent
        PASS [   0.012s] ( 627/1876) specify-model task::tests::mark_complete_is_noop_for_capital_x
        PASS [   0.013s] ( 628/1876) specify-model task::tests::mark_complete_missing_task_errors
        PASS [   0.014s] ( 629/1876) specify-model task::tests::mark_complete_preserves_crlf
        PASS [   0.013s] ( 630/1876) specify-model task::tests::non_skill_comment_preserved
        PASS [   0.016s] ( 631/1876) specify-model task::tests::nested_headings_do_not_reset_group
        PASS [   0.016s] ( 632/1876) specify-model task::tests::non_task_bullets_are_ignored
        PASS [   0.012s] ( 633/1876) specify-model task::tests::skill_directive_parses_variants
        PASS [   0.017s] ( 634/1876) specify-model task::tests::parses_groups_and_tasks
        PASS [   0.015s] ( 635/1876) specify-model task::tests::task_before_any_heading_has_empty_group
        PASS [   0.015s] ( 636/1876) specify-model::atomic bytes_write_persists_exact_bytes
        PASS [   0.016s] ( 637/1876) specify-model::atomic bytes_write_writes_empty_payload
        PASS [   0.020s] ( 638/1876) specify-model::atomic write_creates_parent_dirs
        PASS [   0.020s] ( 639/1876) specify-model::atomic write_overwrites_atomically
        PASS [   0.020s] ( 640/1876) specify-model::atomic write_round_trips_appends_newline
        PASS [   0.012s] ( 641/1876) specify-schema validate::tests::child_pointer_escapes_metachars
        PASS [   0.020s] ( 642/1876) specify-schema validate::tests::cached_validator_compiles_once_per_schema
        PASS [   0.020s] ( 643/1876) specify-schema validate::tests::cached_matches_uncached_behaviour
        PASS [   0.014s] ( 644/1876) specify-schema validate::tests::compile_schema_rejects_non_json_source
        PASS [   0.016s] ( 645/1876) specify-schema validate::tests::join_details_only_fail_details
        PASS [   0.022s] ( 646/1876) specify-schema validate::tests::passes_conforming_instance
        PASS [   0.022s] ( 647/1876) specify-schema validate::tests::rejects_non_schema_json
        PASS [   0.021s] ( 648/1876) specify-schema validate::tests::reports_additional_property
        PASS [   0.013s] ( 649/1876) specify-schema validate::tests::surfaces_meta_failure
        PASS [   0.026s] ( 650/1876) specify-schema validate::tests::serialisable_ok_and_err
        PASS [   0.028s] ( 651/1876) specify-schema::schemas adapter_schema_compiles
        PASS [   0.026s] ( 652/1876) specify-schema::schemas build_report_failure_no_findings
        PASS [   0.032s] ( 653/1876) specify-schema::schemas build_report_accepts_ui_surface
        PASS [   0.033s] ( 654/1876) specify-schema::schemas build_report_failure_with_findings
        PASS [   0.034s] ( 655/1876) specify-schema::schemas build_report_no_outputs
        PASS [   0.031s] ( 656/1876) specify-schema::schemas build_report_rejects_bad_ui_surface
        PASS [   0.030s] ( 657/1876) specify-schema::schemas build_report_schema_accepts_success
        PASS [   0.039s] ( 658/1876) specify-schema::schemas build_report_schema_compiles
        PASS [   0.038s] ( 659/1876) specify-schema::schemas build_report_success_outputs
        PASS [   0.030s] ( 660/1876) specify-schema::schemas build_request_schema_accepts_rfc_example
        PASS [   0.030s] ( 661/1876) specify-schema::schemas build_request_schema_compiles
        PASS [   0.031s] ( 662/1876) specify-schema::schemas codex_rule_schema_compiles
        PASS [   0.021s] ( 663/1876) specify-schema::schemas components_schema_compiles
        PASS [   0.034s] ( 664/1876) specify-schema::schemas context_lock_schema_compiles_from_disk
        PASS [   0.025s] ( 665/1876) specify-schema::schemas contract_dump_schema_compiles
        PASS [   0.023s] ( 666/1876) specify-schema::schemas decision_accepts_baseline_form
        PASS [   0.022s] ( 667/1876) specify-schema::schemas decision_accepts_slice_form
        PASS [   0.012s] ( 668/1876) specify-schema::schemas diagnostic_report_relative_ref
        PASS [   0.021s] ( 669/1876) specify-schema::schemas decision_schema_compiles
        PASS [   0.013s] ( 670/1876) specify-schema::schemas embedded_schemas_match_on_disk_sources
        PASS [   0.020s] ( 671/1876) specify-schema::schemas evidence_schema_compiles
        PASS [   0.020s] ( 672/1876) specify-schema::schemas framework_schema_compiles
        PASS [   0.146s] ( 673/1876) specify-schema::schemas codex_rule_accepts_reserved_kinds
        PASS [   0.017s] ( 674/1876) specify-schema::schemas lead_schema_compiles
        PASS [   0.024s] ( 675/1876) specify-schema::schemas lint_result_accepts_one_finding
        PASS [   0.035s] ( 676/1876) specify-schema::schemas lint_finding_schema_compiles
        PASS [   0.025s] ( 677/1876) specify-schema::schemas lint_result_schema_compiles
        PASS [   0.025s] ( 678/1876) specify-schema::schemas manifest_meta_schema_compiles_from_disk
        PASS [   0.023s] ( 679/1876) specify-schema::schemas marketplace_schema_compiles
        PASS [   0.027s] ( 680/1876) specify-schema::schemas parts_schema_accepts_rfc_example
        PASS [   0.026s] ( 681/1876) specify-schema::schemas parts_schema_compiles
        PASS [   0.019s] ( 682/1876) specify-schema::schemas plan_schema_compiles
        PASS [   0.028s] ( 683/1876) specify-schema::schemas parts_schema_rejects_malformed
        PASS [   0.023s] ( 684/1876) specify-schema::schemas proposal_schema_compiles
        PASS [   0.019s] ( 685/1876) specify-schema::schemas provenance_schema_compiles
        PASS [   0.031s] ( 686/1876) specify-schema::schemas resolved_codex_schema_compiles
        PASS [   0.022s] ( 687/1876) specify-schema::schemas scenario_schema_compiles
        PASS [   0.020s] ( 688/1876) specify-schema::schemas skill_schema_compiles
        PASS [   0.027s] ( 689/1876) specify-schema::schemas slice_model_accepts_no_kernel
        PASS [   0.026s] ( 690/1876) specify-schema::schemas slice_model_schema_compiles
        PASS [   0.034s] ( 691/1876) specify-schema::schemas source_schema_compiles
        PASS [   0.025s] ( 692/1876) specify-schema::schemas synthesis_accepts_example
        PASS [   0.029s] ( 693/1876) specify-schema::schemas synthesis_schema_compiles
        PASS [   0.026s] ( 694/1876) specify-schema::schemas target_schema_compiles
        PASS [   0.025s] ( 695/1876) specify-schema::schemas tool_schema_compiles
        PASS [   0.023s] ( 696/1876) specify-schema::schemas topology_lock_schema_compiles
        PASS [   0.032s] ( 697/1876) specify-schema::schemas tool_sidecar_schema_compiles
        PASS [   0.023s] ( 698/1876) specify-schema::schemas workspace_model_accepts_minimal
        PASS [   0.009s] ( 699/1876) specify-standards framework::builder::tests::codex_id_table_is_empty
        PASS [   0.010s] ( 700/1876) specify-standards framework::builder::tests::links_family_maps_to_important
        PASS [   0.024s] ( 701/1876) specify-schema::schemas workspace_model_schema_compiles
        PASS [   0.014s] ( 702/1876) specify-standards framework::builder::tests::codex_schema_violation_maps_to_critical
        PASS [   0.012s] ( 703/1876) specify-standards framework::builder::tests::skill_family_maps_to_important
        PASS [   0.011s] ( 704/1876) specify-standards framework::builder::tests::unclassified_defaults_important
        PASS [   0.012s] ( 705/1876) specify-standards framework::check::brief::unit_tests::parent_brief_path_classification
        PASS [   0.010s] ( 706/1876) specify-standards framework::check::brief::unit_tests::phase_sub_brief_path_classification
        PASS [   0.013s] ( 707/1876) specify-standards framework::check::rust_test_naming::tests::flags_async_tokio_test_behind_attributes
        PASS [   0.011s] ( 708/1876) specify-standards framework::check::rust_test_naming::tests::flags_long_test_fn_name
        PASS [   0.009s] ( 709/1876) specify-standards framework::check::rust_test_naming::tests::skips_plugin_framework_roots
        PASS [   0.016s] ( 710/1876) specify-standards framework::check::rust_test_naming::tests::ignores_long_non_test_fn
        PASS [   0.024s] ( 711/1876) specify-standards framework::schema::tests::validate_accepts_minimal_skill
        PASS [   0.013s] ( 712/1876) specify-standards lint::diagnostics::tests::error_mapping_matches_d8_table
        PASS [   0.024s] ( 713/1876) specify-standards framework::schema::tests::validate_rejects_invalid_description
        PASS [   0.012s] ( 714/1876) specify-standards lint::eval::field_grammar::tests::vacuous_and_first_offender
        PASS [   0.016s] ( 715/1876) specify-standards lint::eval::finding::tests::clamp_collapses_oversize_structured
        PASS [   0.009s] ( 716/1876) specify-standards lint::eval::finding::tests::single_adapter_none_when_multiple
        PASS [   0.019s] ( 717/1876) specify-standards lint::eval::finding::tests::clamp_truncates_oversize_snippet
        PASS [   0.023s] ( 718/1876) specify-standards lint::eval::finding::tests::clamp_snippet_respects_char_boundary
        PASS [   0.011s] ( 719/1876) specify-standards lint::eval::finding::tests::single_adapter_none_when_unconstrained
        PASS [   0.012s] ( 720/1876) specify-standards lint::eval::path_pattern::unit::exclusion_prefix_matches_paths
        PASS [   0.014s] ( 721/1876) specify-standards lint::eval::finding::tests::single_adapter_strips_version_suffix
        PASS [   0.013s] ( 722/1876) specify-standards lint::eval::path_pattern::unit::include_pattern_unchanged
        PASS [   0.009s] ( 723/1876) specify-standards lint::eval::regex::config::tests::parse_capture_threshold
        PASS [   0.010s] ( 724/1876) specify-standards lint::eval::regex::tests::suffix_guard_skips_validate_suffix
        PASS [   0.009s] ( 725/1876) specify-standards lint::ignore::tests::apply_output_order_independent
        PASS [   0.019s] ( 726/1876) specify-standards lint::eval::regex::logical_lines::tests::joins_backslash_continuation
        PASS [   0.008s] ( 727/1876) specify-standards lint::ignore::tests::deny_blocking_maps_to_validation
        PASS [   0.012s] ( 728/1876) specify-standards lint::ignore::tests::blocking_present_respects_status
        PASS [   0.010s] ( 729/1876) specify-standards lint::ignore::tests::composed_directives_stamp_two
        PASS [   0.009s] ( 730/1876) specify-standards lint::ignore::tests::directive_path_mismatch_is_orphan
        PASS [   0.009s] ( 731/1876) specify-standards lint::ignore::tests::false_positive_prefix_promotes_status
        PASS [   0.010s] ( 732/1876) specify-standards lint::ignore::tests::match_demotes_finding_to_ignored
        PASS [   0.009s] ( 733/1876) specify-standards lint::ignore::tests::orphan_directive_mints_uni_023
        PASS [   0.013s] ( 734/1876) specify-standards lint::ignore::tests::mints_uni_022_when_resolved
        PASS [   0.015s] ( 735/1876) specify-standards lint::ignore::tests::short_rationale_mints_uni_022
        PASS [   0.010s] ( 736/1876) specify-standards lint::ignore::tests::silent_when_uni_022_absent
        PASS [   0.012s] ( 737/1876) specify-standards lint::index::adapter::tests::drops_malformed_tool_entries
        PASS [   0.010s] ( 738/1876) specify-standards lint::index::adapter::tests::extracts_briefs_keys_when_declared
        PASS [   0.010s] ( 739/1876) specify-standards lint::index::adapter::tests::extracts_source_manifest
        PASS [   0.011s] ( 740/1876) specify-standards lint::index::adapter::tests::extracts_target_manifest_string_version
        PASS [   0.010s] ( 741/1876) specify-standards lint::index::adapter::tests::extracts_well_formed_tools
        PASS [   0.013s] ( 742/1876) specify-standards lint::index::adapter::tests::missing_briefs_leaves_keys_empty
        PASS [   0.009s] ( 743/1876) specify-standards lint::index::adapter::tests::missing_tools_leaves_list_empty
        PASS [   0.012s] ( 744/1876) specify-standards lint::index::adapter::tests::rejects_nested_adapter_yaml
        PASS [   0.009s] ( 745/1876) specify-standards lint::index::adapter::tests::rejects_unknown_axis
        PASS [   0.009s] ( 746/1876) specify-standards lint::index::adapter_dir::tests::absent_axis_yields_no_facts
        PASS [   0.014s] ( 747/1876) specify-standards lint::index::adapter_dir::tests::lists_immediate_children_of_both_axes
        PASS [   0.012s] ( 748/1876) specify-standards lint::index::adapter_dir::tests::skips_nested_and_non_axis_directories
        PASS [   0.010s] ( 749/1876) specify-standards lint::index::brief::tests::captures_h2_sections_in_order
        PASS [   0.011s] ( 750/1876) specify-standards lint::index::brief::tests::classifies_phase_sub_brief_scope
        PASS [   0.013s] ( 751/1876) specify-standards lint::index::brief::tests::classifies_nested_phase_sub_brief_scope
        PASS [   0.013s] ( 752/1876) specify-standards lint::index::brief::tests::rejects_paths_outside_briefs_dir
        PASS [   0.009s] ( 753/1876) specify-standards lint::index::brief::tests::rejects_unknown_phase_directory
        PASS [   0.010s] ( 754/1876) specify-standards lint::index::discover::tests::origin_matches_overlay_precedence
        PASS [   0.009s] ( 755/1876) specify-standards lint::index::files::tests::binary_sniff_detects_nul_byte
        PASS [   0.010s] ( 756/1876) specify-standards lint::index::files::tests::binary_sniff_passes_text
        PASS [   0.010s] ( 757/1876) specify-standards lint::index::files::tests::include_filter_accepts_dot_specify_paths
        PASS [   0.010s] ( 758/1876) specify-standards lint::index::files::tests::include_filter_accepts_known_extensions
        PASS [   0.010s] ( 759/1876) specify-standards lint::index::files::tests::language_inference_covers_extensions
        PASS [   0.010s] ( 760/1876) specify-standards lint::index::files::tests::rejects_unknown_extensions
        PASS [   0.013s] ( 761/1876) specify-standards lint::index::framework::tests::include_set_accepts_documented_prefixes
        PASS [   0.013s] ( 762/1876) specify-standards lint::index::framework::tests::include_set_accepts_specify_toml
        PASS [   0.015s] ( 763/1876) specify-standards lint::index::framework::tests::include_set_accepts_root_readme_only
        PASS [   0.011s] ( 764/1876) specify-standards lint::index::framework::tests::include_set_accepts_top_level_markers
        PASS [   0.010s] ( 765/1876) specify-standards lint::index::frontmatter::tests::missing_frontmatter_returns_none
        PASS [   0.012s] ( 766/1876) specify-standards lint::index::framework::tests::include_set_rejects_unrelated_paths
        PASS [   0.012s] ( 767/1876) specify-standards lint::index::frontmatter::tests::invalid_yaml_returns_none
        PASS [   0.009s] ( 768/1876) specify-standards lint::index::frontmatter::tests::non_markdown_returns_none
        PASS [   0.011s] ( 769/1876) specify-standards lint::index::ignore_directives::tests::angle_placeholder_rule_id_ignored
        PASS [   0.013s] ( 770/1876) specify-standards lint::index::frontmatter::tests::parses_simple_frontmatter
        PASS [   0.008s] ( 771/1876) specify-standards lint::index::ignore_directives::tests::binary_files_are_skipped
        PASS [   0.007s] ( 772/1876) specify-standards lint::index::ignore_directives::tests::blank_lines_skipped
        PASS [   0.010s] ( 773/1876) specify-standards lint::index::ignore_directives::tests::c_block_comment_recognised
        PASS [   0.011s] ( 774/1876) specify-standards lint::index::ignore_directives::tests::em_dash_and_hyphen_separators
        PASS [   0.013s] ( 775/1876) specify-standards lint::index::ignore_directives::tests::consecutive_compose_same_target
        PASS [   0.011s] ( 776/1876) specify-standards lint::index::ignore_directives::tests::inline_trailing_targets_own_line
        PASS [   0.010s] ( 777/1876) specify-standards lint::index::ignore_directives::tests::markdown_html_directive_is_recognised
        PASS [   0.011s] ( 778/1876) specify-standards lint::index::ignore_directives::tests::languages_outside_list_skipped
        PASS [   0.010s] ( 779/1876) specify-standards lint::index::ignore_directives::tests::missing_rationale_is_captured_with_none
        PASS [   0.009s] ( 780/1876) specify-standards lint::index::ignore_directives::tests::placeholder_rule_id_ignored
        PASS [   0.009s] ( 781/1876) specify-standards lint::index::ignore_directives::tests::rust_double_slash_recognised
        PASS [   0.014s] ( 782/1876) specify-standards lint::index::ignore_directives::tests::python_hash_directive_is_recognised
        PASS [   0.010s] ( 783/1876) specify-standards lint::index::ignore_directives::tests::sql_double_dash_directive_is_recognised
        PASS [   0.012s] ( 784/1876) specify-standards lint::index::ignore_directives::tests::short_rationale_is_captured_verbatim
        PASS [   0.015s] ( 785/1876) specify-standards lint::index::ignore_directives::tests::target_line_past_eof
        PASS [   0.009s] ( 786/1876) specify-standards lint::index::ignore_directives::tests::token_in_string_literal_ignored
        PASS [   0.013s] ( 787/1876) specify-standards lint::index::markdown::tests::image_links_are_flagged
        PASS [   0.010s] ( 788/1876) specify-standards lint::index::markdown::tests::inline_code_links_are_ignored
        PASS [   0.013s] ( 789/1876) specify-standards lint::index::markdown::tests::links_record_relative_targets
        PASS [   0.012s] ( 790/1876) specify-standards lint::index::markdown::tests::links_skip_fences_and_comments
        PASS [   0.009s] ( 791/1876) specify-standards lint::index::markdown::tests::sections_capture_atx_headings
        PASS [   0.009s] ( 792/1876) specify-standards lint::index::markdown::tests::sections_skip_fenced_headings
        PASS [   0.007s] ( 793/1876) specify-standards lint::index::markdown::tests::sections_skip_html_comments
        PASS [   0.010s] ( 794/1876) specify-standards lint::index::marketplace::tests::extracts_each_plugin_entry
        PASS [   0.009s] ( 795/1876) specify-standards lint::index::marketplace::tests::rejects_non_marketplace_path
        PASS [   0.008s] ( 796/1876) specify-standards lint::index::marketplace::tests::returns_empty_for_missing_plugins_array
        PASS [   0.009s] ( 797/1876) specify-standards lint::index::skill::tests::rejects_skill_without_name
        PASS [   0.013s] ( 798/1876) specify-standards lint::index::skill::tests::extracts_skill_from_well_formed_path
        PASS [   0.011s] ( 799/1876) specify-standards lint::index::skill::tests::rejects_non_skill_paths
        PASS [   0.008s] ( 800/1876) specify-standards lint::index::tests::normalise_collapses_dot_segments
        PASS [   0.012s] ( 801/1876) specify-standards lint::index::tests::drop_traversed_strips_descendants
        PASS [   0.010s] ( 802/1876) specify-standards lint::index::tests::url_scheme_accepts_common
        PASS [   0.011s] ( 803/1876) specify-standards lint::model::tests::version_rejects_other_values
        PASS [   0.013s] ( 804/1876) specify-standards lint::model::tests::version_serialises_as_one
        PASS [   0.033s] ( 805/1876) specify-standards rules::parse::tests::body_preserved_with_fences
        PASS [   0.029s] ( 806/1876) specify-standards rules::parse::tests::body_preserves_crlf_line_endings
        PASS [   0.045s] ( 807/1876) specify-standards rules::parse::tests::artifacts_accepts_framework_tokens
        PASS [   0.013s] ( 808/1876) specify-standards rules::parse::tests::invalid_yaml_errors
        PASS [   0.015s] ( 809/1876) specify-standards rules::parse::tests::missing_closing_delimiter_errors
        PASS [   0.010s] ( 810/1876) specify-standards rules::parse::tests::missing_opening_delimiter_errors
        PASS [   0.027s] ( 811/1876) specify-standards rules::parse::tests::invalid_regex_hint_value_still_parses
        PASS [   0.032s] ( 812/1876) specify-standards rules::parse::tests::parse_rule_file_reads_and_delegates
        PASS [   0.033s] ( 813/1876) specify-standards rules::parse::tests::parses_hardcoded_configuration_fixture
        PASS [   0.036s] ( 814/1876) specify-standards rules::parse::tests::parses_verbatim_fixture
        PASS [   0.034s] ( 815/1876) specify-standards rules::parse::tests::reserved_hint_kinds_round_trip
        PASS [   0.029s] ( 816/1876) specify-standards rules::parse::tests::snake_case_keys_lift_to_kebab_case
        PASS [   0.035s] ( 817/1876) specify-standards rules::parse::tests::schema_violation_errors_when_id_missing
        PASS [   0.010s] ( 818/1876) specify-standards rules::parse::tests::snake_to_kebab_only_touches_keys
        PASS [   0.013s] ( 819/1876) specify-standards rules::resolve::filter::tests::adapter_version_suffix_is_stripped
        PASS [   0.010s] ( 820/1876) specify-standards rules::resolve::filter::tests::adapters_match_target
        PASS [   0.013s] ( 821/1876) specify-standards rules::resolve::filter::tests::adapters_match_source
        PASS [   0.008s] ( 822/1876) specify-standards rules::resolve::filter::tests::artifacts_passes_with_include
        PASS [   0.010s] ( 823/1876) specify-standards rules::resolve::filter::tests::adapters_no_match_is_filtered
        PASS [   0.011s] ( 824/1876) specify-standards rules::resolve::filter::tests::and_across_dimensions
        PASS [   0.009s] ( 825/1876) specify-standards rules::resolve::filter::tests::artifacts_populated_excluded_by_default
        PASS [   0.008s] ( 826/1876) specify-standards rules::resolve::filter::tests::core_filter_runs_before_deprecation
        PASS [   0.011s] ( 827/1876) specify-standards rules::resolve::filter::tests::core_filter_orthogonal
        PASS [   0.011s] ( 828/1876) specify-standards rules::resolve::filter::tests::core_origin_excluded_by_default
        PASS [   0.010s] ( 829/1876) specify-standards rules::resolve::filter::tests::core_origin_passes_when_flag_set
        PASS [   0.014s] ( 830/1876) specify-standards rules::resolve::filter::tests::deprecated_filtered_by_default
        PASS [   0.010s] ( 831/1876) specify-standards rules::resolve::filter::tests::deprecated_passes_when_flag_set
        PASS [   0.010s] ( 832/1876) specify-standards rules::resolve::filter::tests::deprecation_runs_before_applicability
        PASS [   0.010s] ( 833/1876) specify-standards rules::resolve::filter::tests::languages_absent_excluded
        PASS [   0.012s] ( 834/1876) specify-standards rules::resolve::filter::tests::languages_absent_passes_with_include
        PASS [   0.013s] ( 835/1876) specify-standards rules::resolve::filter::tests::languages_match
        PASS [   0.014s] ( 836/1876) specify-standards rules::resolve::filter::tests::languages_no_match_is_filtered
        PASS [   0.010s] ( 837/1876) specify-standards rules::resolve::filter::tests::malformed_glob_pattern_is_safe
        PASS [   0.010s] ( 838/1876) specify-standards rules::resolve::filter::tests::no_applicability_passes_through
        PASS [   0.010s] ( 839/1876) specify-standards rules::resolve::filter::tests::paths_caller_absent_excluded_by_default
        PASS [   0.013s] ( 840/1876) specify-standards rules::resolve::filter::tests::paths_match_double_star_segment
        PASS [   0.012s] ( 841/1876) specify-standards rules::resolve::filter::tests::paths_no_match_is_filtered
        PASS [   0.010s] ( 842/1876) specify-standards rules::resolve::filter::tests::single_star_no_cross_separator
        PASS [   0.044s] ( 843/1876) specify-standards rules::resolve::sort::tests::paths_anchored_not_absolute
        PASS [   0.010s] ( 844/1876) specify-standards rules::resolve::sort::tests::sort_breaks_ties_by_rule_id
        PASS [   0.060s] ( 845/1876) specify-standards rules::resolve::sort::tests::build_emits_versioned_envelope
        PASS [   0.010s] ( 846/1876) specify-standards rules::resolve::sort::tests::sort_puts_non_deprecated_first
        PASS [   0.016s] ( 847/1876) specify-standards rules::resolve::sort::tests::sort_full_tuple_precedence
        PASS [   0.034s] ( 848/1876) specify-standards rules::resolve::tests::ch13_inputs_are_accepted_but_ignored
        PASS [   0.110s] ( 849/1876) specify-standards rules::resolve::sort::tests::build_byte_stable
        PASS [   0.057s] ( 850/1876) specify-standards rules::resolve::tests::cache_overlay_when_local_missing
        PASS [   0.040s] ( 851/1876) specify-standards rules::resolve::tests::discovery_is_non_recursive
        PASS [   0.046s] ( 852/1876) specify-standards rules::resolve::tests::core_rules_from_explicit_rules_root
        PASS [   0.013s] ( 853/1876) specify-standards rules::resolve::tests::maps_duplicate_rule_id_to_validation
        PASS [   0.012s] ( 854/1876) specify-standards rules::resolve::tests::maps_filesystem_to_filesystem_error
        PASS [   0.059s] ( 855/1876) specify-standards rules::resolve::tests::duplicate_rule_id_errors
        PASS [   0.041s] ( 856/1876) specify-standards rules::resolve::tests::explicit_root_wins_over_codex_cache
        PASS [   0.013s] ( 857/1876) specify-standards rules::resolve::tests::maps_rules_root_required_to_validation
        PASS [   0.042s] ( 858/1876) specify-standards rules::resolve::tests::missing_overlays_are_silent
        PASS [   0.051s] ( 859/1876) specify-standards rules::resolve::tests::monorepo_no_double_fallback_walk
        PASS [   0.052s] ( 860/1876) specify-standards rules::resolve::tests::monorepo_split_anchors
        PASS [   0.016s] ( 861/1876) specify-standards rules::resolve::tests::parse_error_includes_path
        PASS [   0.036s] ( 862/1876) specify-standards rules::resolve::tests::monorepo_wins_over_codex_cache
        PASS [   0.059s] ( 863/1876) specify-standards rules::resolve::tests::multiple_source_overlays
        PASS [   0.043s] ( 864/1876) specify-standards rules::resolve::tests::readme_md_is_skipped
        PASS [   0.043s] ( 865/1876) specify-standards rules::resolve::tests::rules_root_probe_falls_back
        PASS [   0.016s] ( 866/1876) specify-standards rules::resolve::tests::rules_root_required_when_no_probe
        PASS [   0.036s] ( 867/1876) specify-standards rules::resolve::tests::shared_rules_from_codex_cache
        PASS [   0.043s] ( 868/1876) specify-standards rules::resolve::tests::shared_rules_from_explicit_rules_root
        PASS [   0.071s] ( 869/1876) specify-standards rules::resolve::tests::source_overlay_from_project_local
        PASS [   0.048s] ( 870/1876) specify-standards rules::resolve::tests::target_overlay_falls_back_to_rules_root
        PASS [   0.018s] ( 871/1876) specify-standards rules::tests::codex_rule_round_trips
        PASS [   0.061s] ( 872/1876) specify-standards rules::resolve::tests::target_overlay_from_project_local
        PASS [   0.010s] ( 873/1876) specify-standards rules::tests::origin_ordering_matches_contract
        PASS [   0.039s] ( 874/1876) specify-standards rules::tests::deprecated_replaced_by_kebab
        PASS [   0.011s] ( 875/1876) specify-standards rules::tests::severity_ordering_matches_contract
        PASS [   0.026s] ( 876/1876) specify-standards rules::tests::resolved_codex_round_trips
        PASS [   0.014s] ( 877/1876) specify-standards::lint_engine_guards no_embedded_policy::no_operation_set_arrays
        PASS [   0.018s] ( 878/1876) specify-standards::lint_engine_guards no_embedded_policy::no_unallowlisted_numeric_caps
        PASS [   0.019s] ( 879/1876) specify-standards::lint_engine_guards no_embedded_policy::no_value_bearing_discriminators
        PASS [   0.015s] ( 880/1876) specify-standards::lint_engine_guards no_reserved_hint_kinds::every_interpreter_maps_to_kind
        PASS [   0.018s] ( 881/1876) specify-standards::lint_engine_guards no_reserved_hint_kinds::every_kind_has_interpreter
        PASS [   0.011s] ( 882/1876) specify-standards::lint_engine_guards no_reserved_hint_kinds::schema_carries_no_reserved_hint_kinds
        PASS [   0.021s] ( 883/1876) specify-standards::lint_hint cardinality::flags_h2_sections_over_cap
        PASS [   0.029s] ( 884/1876) specify-standards::lint_hint cardinality::brief_scope_metrics_flag_per_scope
        PASS [   0.020s] ( 885/1876) specify-standards::lint_hint cardinality::flags_skill_body_over_cap
        PASS [   0.015s] ( 886/1876) specify-standards::lint_hint cardinality::ignores_non_h2_sections
        PASS [   0.017s] ( 887/1876) specify-standards::lint_hint cli_contract::error_codes::prefix_and_placeholder_exemptions
        PASS [   0.020s] ( 888/1876) specify-standards::lint_hint cardinality::missing_config_is_unsupported
        PASS [   0.018s] ( 889/1876) specify-standards::lint_hint cli_contract::error_codes::unknown_code_flagged
        PASS [   0.019s] ( 890/1876) specify-standards::lint_hint cli_contract::event_ids::foreign_namespaces_skipped
        PASS [   0.024s] ( 891/1876) specify-standards::lint_hint cli_contract::event_ids::json_field_probe_flags_unknown
        PASS [   0.020s] ( 892/1876) specify-standards::lint_hint cli_contract::event_ids::known_ids_pass_unknown_flagged
        PASS [   0.018s] ( 893/1876) specify-standards::lint_hint cli_contract::event_ids::suffix_and_ignore_exemptions
        PASS [   0.015s] ( 894/1876) specify-standards::lint_hint cli_contract::invocations::brace_shorthand_ends_walk
        PASS [   0.018s] ( 895/1876) specify-standards::lint_hint cli_contract::invocations::comment_prose_not_scanned
        PASS [   0.017s] ( 896/1876) specify-standards::lint_hint cli_contract::invocations::known_commands_pass
        PASS [   0.021s] ( 897/1876) specify-standards::lint_hint cli_contract::invocations::ignore_exempts_token
        PASS [   0.016s] ( 898/1876) specify-standards::lint_hint cli_contract::invocations::other_fence_langs_skipped
        PASS [   0.013s] ( 899/1876) specify-standards::lint_hint cli_contract::invocations::passthrough_after_double_dash_unchecked
        PASS [   0.014s] ( 900/1876) specify-standards::lint_hint cli_contract::invocations::positional_after_leaf_not_a_verb
        PASS [   0.018s] ( 901/1876) specify-standards::lint_hint cli_contract::invocations::unknown_verb_flagged_in_fence
        PASS [   0.020s] ( 902/1876) specify-standards::lint_hint cli_contract::invocations::unknown_flag_flagged
        PASS [   0.020s] ( 903/1876) specify-standards::lint_hint cli_contract::invocations::unknown_verb_flagged_in_inline_span
        PASS [   0.011s] ( 904/1876) specify-standards::lint_hint cli_contract::missing_contract_is_unsupported
        PASS [   0.016s] ( 905/1876) specify-standards::lint_hint cli_contract::test_citations::empty_inventory_disables_selector
        PASS [   0.012s] ( 906/1876) specify-standards::lint_hint cli_contract::test_citations::ignore_exempts_foreign_test_layouts
        PASS [   0.014s] ( 907/1876) specify-standards::lint_hint cli_contract::test_citations::known_citations_pass_unknown_flagged
        PASS [   0.017s] ( 908/1876) specify-standards::lint_hint cli_contract::test_citations::linked_and_spanned_citation_deduplicates
        PASS [   0.017s] ( 909/1876) specify-standards::lint_hint constant_eq::flags_names_missing_plugin_prefix
        PASS [   0.014s] ( 910/1876) specify-standards::lint_hint constant_eq::honours_override_prefix
        PASS [   0.017s] ( 911/1876) specify-standards::lint_hint content_digest_eq::all_aligned_overlays_pass
        PASS [   0.019s] ( 912/1876) specify-standards::lint_hint content_digest_eq::flags_only_drifted_overlay
        PASS [   0.017s] ( 913/1876) specify-standards::lint_hint content_digest_eq::markdown_section::divergent_body_flagged
        PASS [   0.013s] ( 914/1876) specify-standards::lint_hint content_digest_eq::markdown_section::missing_pinned_section_flagged
        PASS [   0.026s] ( 915/1876) specify-standards::lint_hint content_digest_eq::markdown_section::identical_bodies_pass
        PASS [   0.024s] ( 916/1876) specify-standards::lint_hint cross_reference::all_dirs_with_manifest_pass
        PASS [   0.020s] ( 917/1876) specify-standards::lint_hint cross_reference::flags_dir_without_manifest
        PASS [   0.014s] ( 918/1876) specify-standards::lint_hint cross_reference::value_eq_flags_missing_tool
        PASS [   0.012s] ( 919/1876) specify-standards::lint_hint cross_reference::value_eq_flags_version_mismatch
        PASS [   0.019s] ( 920/1876) specify-standards::lint_hint cross_reference::value_eq_passes_on_exact_match
        PASS [   0.016s] ( 921/1876) specify-standards::lint_hint cross_reference::value_eq_skips_entry_when_scope_absent
        PASS [   0.016s] ( 922/1876) specify-standards::lint_hint fenced_block::flags_long_json_fences_only
        PASS [   0.016s] ( 923/1876) specify-standards::lint_hint fenced_block::flags_text_fence_with_banned_substring
        PASS [   0.020s] ( 924/1876) specify-standards::lint_hint fenced_block::ignores_fences_outside_lang_set
        PASS [   0.021s] ( 925/1876) specify-standards::lint_hint fenced_block::ignores_substring_outside_lang_set
        PASS [   0.032s] ( 926/1876) specify-standards::lint_hint field_grammar::first_word_flags_bad_and_passes_good
        PASS [   0.028s] ( 927/1876) specify-standards::lint_hint ignore_directive_pass::scenario_1_no_directives_stable_fp
        PASS [   0.040s] ( 928/1876) specify-standards::lint_hint field_grammar::tokens_flags_bad_and_passes_good
        PASS [   0.027s] ( 929/1876) specify-standards::lint_hint ignore_directive_pass::scenario_2_match_flips_to_ignored
        PASS [   0.038s] ( 930/1876) specify-standards::lint_hint ignore_directive_pass::scenario_3_false_positive_prefix
        PASS [   0.033s] ( 931/1876) specify-standards::lint_hint ignore_directive_pass::scenario_4_missing_rationale_uni_022
        PASS [   0.031s] ( 932/1876) specify-standards::lint_hint ignore_directive_pass::scenario_5_short_rationale_uni_022
        PASS [   0.013s] ( 933/1876) specify-standards::lint_hint path_pattern::path_pattern_empty_drops_findings
        PASS [   0.030s] ( 934/1876) specify-standards::lint_hint ignore_directive_pass::scenario_6_orphan_mints_uni_023
        PASS [   0.038s] ( 935/1876) specify-standards::lint_hint ignore_directive_pass::scenario_7_graceful_degradation
        PASS [   0.020s] ( 936/1876) specify-standards::lint_hint path_pattern::path_pattern_exclusion_carves_out_paths
        PASS [   0.022s] ( 937/1876) specify-standards::lint_hint path_pattern::path_pattern_narrows_candidates
        PASS [   0.022s] ( 938/1876) specify-standards::lint_hint presence::directory_index_counts_nested_files
        PASS [   0.016s] ( 939/1876) specify-standards::lint_hint presence::file_flags_missing_required_path
        PASS [   0.036s] ( 940/1876) specify-standards::lint_hint presence::directory_index_flags_unindexed_corpus
        PASS [   0.019s] ( 941/1876) specify-standards::lint_hint presence::section_flags_long_skill_without_it
        PASS [   0.016s] ( 942/1876) specify-standards::lint_hint reference_resolves::flags_broken_symlinks_by_prefix
        PASS [   0.042s] ( 943/1876) specify-standards::lint_hint presence::frontmatter_flags_missing_and_empty
        PASS [   0.022s] ( 944/1876) specify-standards::lint_hint presence::section_threshold_boundary
        PASS [   0.017s] ( 945/1876) specify-standards::lint_hint reference_resolves::flags_only_unresolved_markdown_links
        PASS [   0.022s] ( 946/1876) specify-standards::lint_hint reference_resolves::restricts_to_configured_target_prefixes
        PASS [   0.021s] ( 947/1876) specify-standards::lint_hint reference_resolves::selects_image_embeds_by_suffix
        PASS [   0.024s] ( 948/1876) specify-standards::lint_hint regex::matches_text_skips_binaries
        PASS [   0.020s] ( 949/1876) specify-standards::lint_hint regex::regex_compile_failure_is_hard_error
        PASS [   0.027s] ( 950/1876) specify-standards::lint_hint schema::flags_framework_toml_schema_violation
        PASS [   0.027s] ( 951/1876) specify-standards::lint_hint schema::flags_scenario_schema_violation
        PASS [   0.036s] ( 952/1876) specify-standards::lint_hint schema::flags_invalid_frontmatter
        PASS [   0.027s] ( 953/1876) specify-standards::lint_hint schema::framework_toml_git_only_passes_schema
        PASS [   0.017s] ( 954/1876) specify-standards::lint_hint schema::schema_hint_rejects_http_reference
        PASS [   0.028s] ( 955/1876) specify-standards::lint_hint schema::resolves_registered_skill_schema
        PASS [   0.023s] ( 956/1876) specify-standards::lint_hint schema::valid_framework_toml_passes_schema
        PASS [   0.019s] ( 957/1876) specify-standards::lint_hint set_coverage::flags_only_uncovered_tools
        PASS [   0.017s] ( 958/1876) specify-standards::lint_hint set_coverage::skills_without_allowed_tools_pass
        PASS [   0.029s] ( 959/1876) specify-standards::lint_hint schema::valid_scenario_passes_schema_selector
        PASS [   0.016s] ( 960/1876) specify-standards::lint_hint set_eq::exact_set_passes
        PASS [   0.012s] ( 961/1876) specify-standards::lint_hint tool::tool_failure_truncates_stderr
        PASS [   0.023s] ( 962/1876) specify-standards::lint_hint set_eq::flags_missing_and_unexpected_operations
        PASS [   0.019s] ( 963/1876) specify-standards::lint_hint tool::tool_findings_thread_through
        PASS [   0.019s] ( 964/1876) specify-standards::lint_hint tool::tool_undeclared_emits_synthetic_finding
        PASS [   0.023s] ( 965/1876) specify-standards::lint_hint unique::distinct_scenario_ids_pass
        PASS [   0.018s] ( 966/1876) specify-standards::lint_hint unique::distinct_values_pass
        PASS [   0.022s] ( 967/1876) specify-standards::lint_hint unique::flags_duplicate_scenario_id
        PASS [   0.016s] ( 968/1876) specify-standards::lint_hint unique::flags_duplicated_field_value
        PASS [   0.027s] ( 969/1876) specify-standards::lint_index framework_indexer::symlink_records_endpoint_and_sha256
        PASS [   0.040s] ( 970/1876) specify-standards::lint_index framework_indexer::extractors_emit_facts
        PASS [   0.033s] ( 971/1876) specify-standards::lint_index framework_indexer::walk_byte_stable
        PASS [   0.020s] ( 972/1876) specify-standards::lint_index index_scenario::discovers_scenario_into_dedicated_family
        PASS [   0.017s] ( 973/1876) specify-standards::lint_index index_scenario::scenario_file_is_kept_out_of_files
        PASS [   0.045s] ( 974/1876) specify-standards::lint_index indexer_project::framework_scan_profile_now_accepted
        PASS [   0.070s] ( 975/1876) specify-standards::lint_index indexer_project::byte_stable_across_runs
        PASS [   0.061s] ( 976/1876) specify-standards::lint_index indexer_project::minimal_fixture_matches_golden
        PASS [   0.033s] ( 977/1876) specify-standards::lint_index model_round_trip::empty_model_round_trips
        PASS [   0.018s] ( 978/1876) specify-tool cache::tests::cache_root_falls_back_home
        PASS [   0.031s] ( 979/1876) specify-standards::lint_index model_round_trip::populated_model_round_trips
        PASS [   0.014s] ( 980/1876) specify-tool cache::tests::cache_root_honours_override_precedence
        PASS [   0.016s] ( 981/1876) specify-tool cache::tests::cache_root_prefers_xdg
        PASS [   0.010s] ( 982/1876) specify-tool cache::tests::cache_root_rejects_unusable_env
        PASS [   0.020s] ( 983/1876) specify-tool cache::tests::cache_status_distinguishes_states
        PASS [   0.013s] ( 984/1876) specify-tool cache::tests::scope_segment_rejects_empty
        PASS [   0.018s] ( 985/1876) specify-tool cache::tests::scan_for_gc_isolates_scope
        PASS [   0.016s] ( 986/1876) specify-tool cache::tests::stage_and_install_replaces_existing
        PASS [   0.015s] ( 987/1876) specify-tool cache::tests::tool_dir_rejects_traversal_segments
        PASS [   0.024s] ( 988/1876) specify-tool cache::tests::sidecar_round_trips_rejects_invalid
        PASS [   0.014s] ( 989/1876) specify-tool host::tests::guest_exit_code_clamps
        PASS [   0.020s] ( 990/1876) specify-tool host::tests::invalid_component_bytes_error
        PASS [   0.016s] ( 991/1876) specify-tool host::tests::preopens_dedup_and_sort
        PASS [   0.017s] ( 992/1876) specify-tool host::tests::preopens_promote_write_over_read
        PASS [   0.016s] ( 993/1876) specify-tool host::tests::run_rejects_cap_dir_in_project_scope
        PASS [   0.018s] ( 994/1876) specify-tool host::tests::run_rejects_lifecycle_write
        PASS [   0.013s] ( 995/1876) specify-tool load::tests::load_plugin_sidecar_scopes_parsed_tools
        PASS [   0.014s] ( 996/1876) specify-tool load::tests::merge_project_wins_and_warns
        PASS [   0.014s] ( 997/1876) specify-tool load::tests::sidecar_empty_when_absent
        PASS [   0.018s] ( 998/1876) specify-tool load::tests::sidecar_rejects_wrong_shape
        PASS [   0.017s] ( 999/1876) specify-tool manifest::tests::expand_identity_for_non_template
        PASS [   0.015s] (1000/1876) specify-tool manifest::tests::expand_rejects_capability_dir
        PASS [   0.012s] (1001/1876) specify-tool manifest::tests::expand_replaces_capability_dir
        PASS [   0.018s] (1002/1876) specify-tool manifest::tests::expand_replaces_project_dir
        PASS [   0.018s] (1003/1876) specify-tool manifest::tests::manifest_round_trips_all_sources
        PASS [   0.015s] (1004/1876) specify-tool manifest::tests::package_request_parse_edges
        PASS [   0.016s] (1005/1876) specify-tool manifest::tests::parse_wire_classifies_each_scheme
        PASS [   0.017s] (1006/1876) specify-tool manifest::tests::scalar_package_derives_fields
        PASS [   0.016s] (1007/1876) specify-tool manifest::tests::scalar_vectis_embeds_permissions
        PASS [   0.012s] (1008/1876) specify-tool manifest::tests::template_requires_boundary
        PASS [   0.016s] (1009/1876) specify-tool manifest::tests::sha256_hex_form_is_strict
        PASS [   0.016s] (1010/1876) specify-tool manifest::tests::template_source_round_trips
        PASS [   0.015s] (1011/1876) specify-tool manifest::tests::windows_absolute_requires_drive_shape
        PASS [   0.020s] (1012/1876) specify-tool manifest::tests::unknown_package_keeps_empty_perms
        PASS [   0.019s] (1013/1876) specify-tool manifest::tests::unsupported_source_fails
        PASS [   0.015s] (1014/1876) specify-tool package::tests::embedded_skipped_for_others
        PASS [   0.019s] (1015/1876) specify-tool package::tests::embedded_injects_first_party
        PASS [   0.020s] (1016/1876) specify-tool package::tests::local_config_overrides_default
        PASS [   0.013s] (1017/1876) specify-tool package::tests::wkg_config_overrides_project_local
        PASS [   0.019s] (1018/1876) specify-tool package::tests::missing_config_skipped
        PASS [   0.015s] (1019/1876) specify-tool permissions::tests::canonicalise_accepts_descendant
        PASS [   0.011s] (1020/1876) specify-tool permissions::tests::lifecycle_boundary_is_component_wise
        PASS [   0.014s] (1021/1876) specify-tool permissions::tests::canonicalise_root_handling
        PASS [   0.020s] (1022/1876) specify-tool permissions::tests::canonicalise_rejects_symlink_escape
        PASS [   0.010s] (1023/1876) specify-tool permissions::tests::substitute_expands_dirs
        PASS [   0.013s] (1024/1876) specify-tool permissions::tests::lifecycle_denies_specify_state
        PASS [   0.019s] (1025/1876) specify-tool permissions::tests::substitute_rejects_bad_variables
        PASS [   0.015s] (1026/1876) specify-tool permissions::tests::substitute_rejects_out_of_scope
        PASS [   0.016s] (1027/1876) specify-tool permissions::tests::substitute_variable_grammar
        PASS [   0.015s] (1028/1876) specify-tool resolver::digest::tests::cached_matches_pin_handling
        PASS [   0.024s] (1029/1876) specify-tool resolver::digest::tests::cached_bytes_rehashed_on_pinned_hit
        PASS [   0.021s] (1030/1876) specify-tool resolver::digest::tests::digest_mismatch_preserves_cache
        PASS [   0.011s] (1031/1876) specify-tool resolver::digest::tests::validate_gates_empty_and_mismatch
        PASS [   0.013s] (1032/1876) specify-tool resolver::http::tests::air_gapped_https_error_names_url
        PASS [   0.015s] (1033/1876) specify-tool resolver::http::tests::http_rejected_before_network
        PASS [   0.014s] (1034/1876) specify-tool resolver::http::tests::malformed_https_url_returns_typed_error
        PASS [   0.014s] (1035/1876) specify-tool resolver::http::tests::map_network_error_codes_per_variant
        PASS [   0.011s] (1036/1876) specify-tool resolver::http::tests::network_error_mapping_variants
        PASS [   0.018s] (1037/1876) specify-tool resolver::local::tests::file_uri_reuses_local_path_resolution
        PASS [   0.014s] (1038/1876) specify-tool resolver::local::tests::local_rejects_non_file
        PASS [   0.020s] (1039/1876) specify-tool resolver::local::tests::local_chases_symlinks
        PASS [   0.020s] (1040/1876) specify-tool resolver::tests::cache_miss_hit_and_change
        PASS [   0.016s] (1041/1876) specify-tool resolver::tests::package_source_uses_fetcher
        PASS [   0.019s] (1042/1876) specify-tool resolver::tests::scopes_have_isolated_cache_dirs
        PASS [   0.015s] (1043/1876) specify-tool resolver::tests::template_with_parent_segments_resolves
        PASS [   0.013s] (1044/1876) specify-tool validate::tests::lifecycle_state_boundary
        PASS [   0.025s] (1045/1876) specify-tool resolver::tests::template_source_expands
        PASS [   0.020s] (1046/1876) specify-tool validate::tests::package_validation_reports_rules
        PASS [   0.015s] (1047/1876) specify-tool validate::tests::project_scope_rejects_capability_dir
        PASS [   0.014s] (1048/1876) specify-tool validate::tests::root_write_valid_for_root_outputs
        PASS [   0.019s] (1049/1876) specify-tool validate::tests::scalar_package_passes_with_perms
        PASS [   0.026s] (1050/1876) specify-tool validate::tests::schema_accepts_scalar_and_object
        PASS [   0.031s] (1051/1876) specify-tool validate::tests::schema_accepts_root_write
        PASS [   0.017s] (1052/1876) specify-tool validate::tests::template_capability_dir_rejected
        PASS [   0.024s] (1053/1876) specify-tool validate::tests::schema_rejects_invalid_shapes
        PASS [   0.036s] (1054/1876) specify-tool validate::tests::schema_accepts_template_sources
        PASS [   0.011s] (1055/1876) specify-tool validate::tests::template_source_passes_validation
        PASS [   0.013s] (1056/1876) specify-tool validate::tests::validate_rejects_duplicate_names
        PASS [   0.016s] (1057/1876) specify-tool validate::tests::valid_tool_passes_structure_validation
        PASS [   0.018s] (1058/1876) specify-tool validate::tests::validate_reports_chunk_one_rules
        PASS [   0.012s] (1059/1876) specify-validate primitives::tests::content_after_heading_prose
        PASS [   0.017s] (1060/1876) specify-validate primitives::tests::checkbox_rejects_bare_bullets
        PASS [   0.011s] (1061/1876) specify-validate primitives::tests::deliverable_specs_on_disk
        PASS [   0.015s] (1062/1876) specify-validate primitives::tests::deliverables_backticked_names
        PASS [   0.010s] (1063/1876) specify-validate primitives::tests::extract_ref_double_quoted
        PASS [   0.014s] (1064/1876) specify-validate primitives::tests::design_refs_backed_by_specs
        PASS [   0.011s] (1065/1876) specify-validate primitives::tests::extract_ref_http_url
        PASS [   0.012s] (1066/1876) specify-validate primitives::tests::extract_ref_fragment
        PASS [   0.011s] (1067/1876) specify-validate primitives::tests::extract_ref_non_ref_line
        PASS [   0.007s] (1068/1876) specify-validate primitives::tests::extract_ref_single_quoted
        PASS [   0.013s] (1069/1876) specify-validate primitives::tests::extract_ref_unquoted
        PASS [   0.013s] (1070/1876) specify-validate primitives::tests::req_id_pattern
        PASS [   0.015s] (1071/1876) specify-validate primitives::tests::requirements_need_ids
        PASS [   0.011s] (1072/1876) specify-validate primitives::tests::requirements_need_scenarios
        PASS [   0.010s] (1073/1876) specify-validate primitives::tests::tasks_require_group_headings
        PASS [   0.011s] (1074/1876) specify-validate registry::composition::tests::has_version::passes_on_one
        PASS [   0.009s] (1075/1876) specify-validate registry::composition::tests::has_version::rejects_missing
        PASS [   0.010s] (1076/1876) specify-validate registry::composition::tests::has_version::rejects_other_number
        PASS [   0.011s] (1077/1876) specify-validate registry::composition::tests::screen_slugs::fails_on_non_kebab_delta_slug
        PASS [   0.011s] (1078/1876) specify-validate registry::composition::tests::screen_slugs::fails_on_non_kebab_screen
        PASS [   0.011s] (1079/1876) specify-validate registry::composition::tests::screen_slugs::passes_on_kebab_screens
        PASS [   0.009s] (1080/1876) specify-validate registry::composition::tests::screens_or_delta::fails_when_both_present
        PASS [   0.011s] (1081/1876) specify-validate registry::composition::tests::screen_slugs::passes_when_neither_screens_nor_delta
        PASS [   0.018s] (1082/1876) specify-validate registry::composition::tests::screens_or_delta::fails_when_neither_present
        PASS [   0.015s] (1083/1876) specify-validate registry::composition::tests::screens_or_delta::passes_with_delta_only
        PASS [   0.015s] (1084/1876) specify-validate registry::composition::tests::screens_or_delta::passes_with_screens_only
        PASS [   0.012s] (1085/1876) specify-validate registry::composition::tests::valid_yaml::fails_on_garbage
        PASS [   0.010s] (1086/1876) specify-validate registry::composition::tests::valid_yaml::passes_on_well_formed
        PASS [   0.011s] (1087/1876) specify-validate registry::contract_rules::tests::refs_resolve_broken
        PASS [   0.011s] (1088/1876) specify-validate registry::contract_rules::tests::refs_resolve_no_http_dir
        PASS [   0.012s] (1089/1876) specify-validate registry::contract_rules::tests::refs_resolve_ok
        PASS [   0.012s] (1090/1876) specify-validate registry::contract_rules::tests::schema_metadata_complete
        PASS [   0.013s] (1091/1876) specify-validate registry::contract_rules::tests::schema_metadata_empty_title
        PASS [   0.013s] (1092/1876) specify-validate registry::contract_rules::tests::schema_metadata_missing_id
        PASS [   0.012s] (1093/1876) specify-validate registry::contract_rules::tests::schema_metadata_no_dir
        PASS [   0.010s] (1094/1876) specify-validate registry::contract_rules::tests::schemas_dir_empty_fails
        PASS [   0.008s] (1095/1876) specify-validate registry::contract_rules::tests::schemas_dir_missing_fails
        PASS [   0.015s] (1096/1876) specify-validate registry::contract_rules::tests::schemas_dir_has_yaml
        PASS [   0.012s] (1097/1876) specify-validate registry::cross::tests::composition_maps_to::fails_on_empty_maps_to
        PASS [   0.015s] (1098/1876) specify-validate registry::cross::tests::composition_maps_to::fails_on_empty_maps_to_in_delta
        PASS [   0.012s] (1099/1876) specify-validate registry::cross::tests::composition_maps_to::fails_on_non_string_maps_to
        PASS [   0.015s] (1100/1876) specify-validate registry::cross::tests::composition_maps_to::passes_on_non_empty_string_maps_to
        PASS [   0.011s] (1101/1876) specify-validate registry::cross::tests::composition_maps_to::passes_when_no_composition
        PASS [   0.009s] (1102/1876) specify-validate registry::cross::tests::design_references_valid::fails_when_reference_dangling
        PASS [   0.010s] (1103/1876) specify-validate registry::cross::tests::design_references_valid::passes_when_no_design
        PASS [   0.010s] (1104/1876) specify-validate registry::cross::tests::proposal_domains_have_specs::fails_when_domain_missing_spec
        PASS [   0.013s] (1105/1876) specify-validate registry::cross::tests::design_references_valid::passes_when_reference_backed
        PASS [   0.011s] (1106/1876) specify-validate registry::cross::tests::proposal_domains_have_specs::passes_when_domain_has_spec
        PASS [   0.011s] (1107/1876) specify-validate registry::cross::tests::proposal_domains_have_specs::passes_when_no_proposal
        PASS [   0.015s] (1108/1876) specify-validate registry::design::tests::fails_when_id_missing_from_specs
        PASS [   0.011s] (1109/1876) specify-validate registry::design::tests::passes_when_ids_backed_by_specs
        PASS [   0.012s] (1110/1876) specify-validate registry::design::tests::passes_when_no_ids_are_referenced
        PASS [   0.013s] (1111/1876) specify-validate registry::proposal::tests::why_passes_prose_fails_empty
        PASS [   0.016s] (1112/1876) specify-validate registry::proposal::tests::domains_passes_entries_fails_absent
        PASS [   0.015s] (1113/1876) specify-validate registry::specs::tests::id_pattern::fails_on_short_id
        PASS [   0.012s] (1114/1876) specify-validate registry::specs::tests::ids::fails_when_missing
        PASS [   0.013s] (1115/1876) specify-validate registry::specs::tests::id_pattern::passes_on_canonical_ids
        PASS [   0.012s] (1116/1876) specify-validate registry::specs::tests::ids::passes_when_present
        PASS [   0.010s] (1117/1876) specify-validate registry::specs::tests::rules_fail_when_spec_not_parsed
        PASS [   0.010s] (1118/1876) specify-validate registry::specs::tests::scenarios::fails_when_absent
        PASS [   0.011s] (1119/1876) specify-validate registry::specs::tests::scenarios::passes_when_present
        PASS [   0.013s] (1120/1876) specify-validate registry::tasks::tests::checkbox_passes_well_formed
        PASS [   0.014s] (1121/1876) specify-validate registry::tasks::tests::checkbox_rule_fails_on_bare_bullets
        PASS [   0.014s] (1122/1876) specify-validate registry::tasks::tests::grouping_fails_task_before_heading
        PASS [   0.013s] (1123/1876) specify-validate registry::tasks::tests::rules_fail_when_tasks_were_not_parsed
        PASS [   0.013s] (1124/1876) specify-validate tests::min_rules_per_brief
        PASS [   0.010s] (1125/1876) specify-validate tests::rule_ids_are_namespaced
        PASS [   0.012s] (1126/1876) specify-validate tests::unknown_brief_no_rules
        PASS [   0.011s] (1127/1876) specify-workflow adapter::core::tests::axis_dir_segment_round_trips
        PASS [   0.012s] (1128/1876) specify-workflow adapter::core::tests::cache_dir_routes_by_axis
        PASS [   0.014s] (1129/1876) specify-workflow adapter::core::tests::check_execution_rejects_missing_mode
        PASS [   0.017s] (1130/1876) specify-workflow adapter::core::tests::check_execution_accepts_declared_mode
        PASS [   0.014s] (1131/1876) specify-workflow adapter::core::tests::execution_mode_round_trips
        PASS [   0.010s] (1132/1876) specify-workflow adapter::core::tests::execution_tool_parses
        PASS [   0.016s] (1133/1876) specify-workflow adapter::core::tests::platforms_optional_round_trip
        PASS [   0.012s] (1134/1876) specify-workflow adapter::core::tests::source_briefs_typed_at_parse_boundary
        PASS [   0.015s] (1135/1876) specify-workflow adapter::core::tests::target_briefs_typed_at_parse_boundary
        PASS [   0.010s] (1136/1876) specify-workflow adapter::core::tests::target_with_platforms_round_trips
        PASS [   0.015s] (1137/1876) specify-workflow adapter::core::tests::target_without_platforms_round_trips
        PASS [   0.015s] (1138/1876) specify-workflow adapter::core::tests::unknown_brief_key_rejected
        PASS [   0.015s] (1139/1876) specify-workflow adapter::operation::tests::source_operation_round_trips_kebab_case
        PASS [   0.012s] (1140/1876) specify-workflow adapter::operation::tests::target_operation_round_trips_kebab_case
        PASS [   0.014s] (1141/1876) specify-workflow adapter::operation::tests::unknown_operation_rejected
        PASS [   0.015s] (1142/1876) specify-workflow change::plan::core::amend::tests::amend_context_none_unchanged
        PASS [   0.014s] (1143/1876) specify-workflow change::plan::core::amend::tests::amend_context_replace
        PASS [   0.010s] (1144/1876) specify-workflow change::plan::core::amend::tests::amend_deps
        PASS [   0.012s] (1145/1876) specify-workflow change::plan::core::amend::tests::amend_description_three_way
        PASS [   0.013s] (1146/1876) specify-workflow change::plan::core::amend::tests::amend_leaves_unchanged
        PASS [   0.012s] (1147/1876) specify-workflow change::plan::core::amend::tests::amend_missing_entry
        PASS [   0.012s] (1148/1876) specify-workflow change::plan::core::amend::tests::amend_rejects_cycle
        PASS [   0.016s] (1149/1876) specify-workflow change::plan::core::amend::tests::amend_project_three_way
        PASS [   0.040s] (1150/1876) specify-workflow change::plan::core::archive::tests::archive_atomic
        PASS [   0.038s] (1151/1876) specify-workflow change::plan::core::archive::tests::archive_co_moves_working_dir
        PASS [   0.036s] (1152/1876) specify-workflow change::plan::core::archive::tests::archive_creates_dir
        PASS [   0.033s] (1153/1876) specify-workflow change::plan::core::archive::tests::archive_filename_format
        PASS [   0.032s] (1154/1876) specify-workflow change::plan::core::archive::tests::archive_force_moves_working_dir
        PASS [   0.037s] (1155/1876) specify-workflow change::plan::core::archive::tests::archive_force_succeeds
        PASS [   0.031s] (1156/1876) specify-workflow change::plan::core::archive::tests::archive_happy_path
        PASS [   0.030s] (1157/1876) specify-workflow change::plan::core::archive::tests::archive_preserves_bytes
        PASS [   0.040s] (1158/1876) specify-workflow change::plan::core::archive::tests::archive_moves_workspace_md_and_slices
        PASS [   0.030s] (1159/1876) specify-workflow change::plan::core::archive::tests::archive_refuses_collision
        PASS [   0.028s] (1160/1876) specify-workflow change::plan::core::archive::tests::archive_refuses_nonterminal
        PASS [   0.034s] (1161/1876) specify-workflow change::plan::core::archive::tests::archive_refuses_pending
        PASS [   0.028s] (1162/1876) specify-workflow change::plan::core::archive::tests::archive_refuses_working_dir_collision
        PASS [   0.030s] (1163/1876) specify-workflow change::plan::core::archive::tests::archive_returns_dest
        PASS [   0.034s] (1164/1876) specify-workflow change::plan::core::archive::tests::archive_sweeps_change_brief
        PASS [   0.034s] (1165/1876) specify-workflow change::plan::core::archive::tests::archive_without_working_dir
        PASS [   0.013s] (1166/1876) specify-workflow change::plan::core::authority_override::tests::bound_source_accepted
        PASS [   0.030s] (1167/1876) specify-workflow change::plan::core::archive::tests::sweeps_change_brief_and_working_dir
        PASS [   0.013s] (1168/1876) specify-workflow change::plan::core::authority_override::tests::events_sort_by_kind_then_action
        PASS [   0.017s] (1169/1876) specify-workflow change::plan::core::authority_override::tests::clear_all_emits_per_kind
        PASS [   0.019s] (1170/1876) specify-workflow change::plan::core::authority_override::tests::orphan_source_rejected
        PASS [   0.016s] (1171/1876) specify-workflow change::plan::core::authority_override::tests::plan_and_slice_names_threaded
        PASS [   0.015s] (1172/1876) specify-workflow change::plan::core::authority_override::tests::set_dedup_collapses_pair
        PASS [   0.012s] (1173/1876) specify-workflow change::plan::core::authority_override::tests::set_distinct_kinds_coexist
        PASS [   0.010s] (1174/1876) specify-workflow change::plan::core::authority_override::tests::set_then_clear_resolves_cleared
        PASS [   0.014s] (1175/1876) specify-workflow change::plan::core::authority_override::tests::unknown_slice_refused
        PASS [   0.013s] (1176/1876) specify-workflow change::plan::core::create::tests::create_allows_omitted_project
        PASS [   0.015s] (1177/1876) specify-workflow change::plan::core::create::tests::create_forces_pending
        PASS [   0.010s] (1178/1876) specify-workflow change::plan::core::create::tests::create_rejects_bad_context
        PASS [   0.013s] (1179/1876) specify-workflow change::plan::core::create::tests::create_preserves_context
        PASS [   0.012s] (1180/1876) specify-workflow change::plan::core::create::tests::create_rejects_bad_name
        PASS [   0.012s] (1181/1876) specify-workflow change::plan::core::create::tests::create_rejects_duplicate
        PASS [   0.012s] (1182/1876) specify-workflow change::plan::core::create::tests::create_rejects_unknown_depends_on
        PASS [   0.013s] (1183/1876) specify-workflow change::plan::core::create::tests::create_rolls_back_on_failure
        PASS [   0.012s] (1184/1876) specify-workflow change::plan::core::create::tests::init_accepts_kebab_case
        PASS [   0.011s] (1185/1876) specify-workflow change::plan::core::create::tests::init_empty_plan
        PASS [   0.010s] (1186/1876) specify-workflow change::plan::core::create::tests::init_rejects_bad_name
        PASS [   0.011s] (1187/1876) specify-workflow change::plan::core::create::tests::init_preserves_sources
        PASS [   0.014s] (1188/1876) specify-workflow change::plan::core::create::tests::init_validates
        PASS [   0.011s] (1189/1876) specify-workflow change::plan::core::io::tests::load_missing_returns_not_found
        PASS [   0.020s] (1190/1876) specify-workflow change::plan::core::io::tests::load_no_trailing_newline
        PASS [   0.019s] (1191/1876) specify-workflow change::plan::core::io::tests::save_emits_trailing_newline
        PASS [   0.029s] (1192/1876) specify-workflow change::plan::core::io::tests::load_rejects_rogue_top_level_field
        PASS [   0.038s] (1193/1876) specify-workflow change::plan::core::io::tests::save_load_round_trips
        PASS [   0.034s] (1194/1876) specify-workflow change::plan::core::io::tests::save_no_intermediate_state
        PASS [   0.054s] (1195/1876) specify-workflow change::plan::core::io::tests::save_overwrites_atomically
        PASS [   0.029s] (1196/1876) specify-workflow change::plan::core::model::tests::authority_override_round_trips
        PASS [   0.034s] (1197/1876) specify-workflow change::plan::core::io::tests::save_writes_kebab_case
        PASS [   0.023s] (1198/1876) specify-workflow change::plan::core::model::tests::context_round_trips
        PASS [   0.024s] (1199/1876) specify-workflow change::plan::core::model::tests::binding_round_trips_both_shapes
        PASS [   0.030s] (1200/1876) specify-workflow change::plan::core::model::tests::binding_normalises_shorthand
        PASS [   0.011s] (1201/1876) specify-workflow change::plan::core::model::tests::empty_authority_override_elides
        PASS [   0.013s] (1202/1876) specify-workflow change::plan::core::model::tests::divergence_likely_round_trips_yaml
        PASS [   0.012s] (1203/1876) specify-workflow change::plan::core::model::tests::empty_plan_is_drained_vacuously
        PASS [   0.009s] (1204/1876) specify-workflow change::plan::core::model::tests::lifecycle_defaults_to_pending
        PASS [   0.012s] (1205/1876) specify-workflow change::plan::core::model::tests::is_drained_only_when_all_done
        PASS [   0.016s] (1206/1876) specify-workflow change::plan::core::model::tests::is_executing_when_any_in_progress
        PASS [   0.011s] (1207/1876) specify-workflow change::plan::core::model::tests::missing_fields_default
        PASS [   0.015s] (1208/1876) specify-workflow change::plan::core::model::tests::lifecycle_round_trips
        PASS [   0.012s] (1209/1876) specify-workflow change::plan::core::model::tests::patch_omits_status
        PASS [   0.016s] (1210/1876) specify-workflow change::plan::core::model::tests::plan_finding_suggestion_is_non_blocking
        PASS [   0.014s] (1211/1876) specify-workflow change::plan::core::model::tests::project_defaults_to_none
        PASS [   0.029s] (1212/1876) specify-workflow change::plan::core::model::tests::plan_finding_builds_canonical_diagnostic
        PASS [   0.012s] (1213/1876) specify-workflow change::plan::core::model::tests::project_round_trips
        PASS [   0.016s] (1214/1876) specify-workflow change::plan::core::model::tests::project_only_round_trips
        PASS [   0.013s] (1215/1876) specify-workflow change::plan::core::model::tests::round_trips_plan_fixture
        PASS [   0.013s] (1216/1876) specify-workflow change::plan::core::model::tests::serializes_kebab_case
        PASS [   0.016s] (1217/1876) specify-workflow change::plan::core::next::tests::advance_next_reuses_in_progress
        PASS [   0.014s] (1218/1876) specify-workflow change::plan::core::next::tests::advance_reports_drained
        PASS [   0.014s] (1219/1876) specify-workflow change::plan::core::next::tests::next_eligible_blocked_by_in_progress
        PASS [   0.012s] (1220/1876) specify-workflow change::plan::core::next::tests::next_eligible_blocks_mid_cycle
        PASS [   0.015s] (1221/1876) specify-workflow change::plan::core::next::tests::next_eligible_none_when_finished
        PASS [   0.012s] (1222/1876) specify-workflow change::plan::core::next::tests::next_eligible_picks_first_ready
        PASS [   0.014s] (1223/1876) specify-workflow change::plan::core::next::tests::next_eligible_plan_forward
        PASS [   0.015s] (1224/1876) specify-workflow change::plan::core::next::tests::next_eligible_skips_unmet_deps
        PASS [   0.016s] (1225/1876) specify-workflow change::plan::core::next::tests::next_eligible_tiebreak
        PASS [   0.013s] (1226/1876) specify-workflow change::plan::core::propose::tests::build_request_empty_catalog_errors
        PASS [   0.020s] (1227/1876) specify-workflow change::plan::core::propose::tests::build_catalog_membership_and_size
        PASS [   0.015s] (1228/1876) specify-workflow change::plan::core::propose::tests::detect_missing_all_present
        PASS [   0.026s] (1229/1876) specify-workflow change::plan::core::propose::tests::build_request_hub_validates_as_request
        PASS [   0.026s] (1230/1876) specify-workflow change::plan::core::propose::tests::build_request_n1_validates_as_request
        PASS [   0.016s] (1231/1876) specify-workflow change::plan::core::propose::tests::detect_missing_no_shells
        PASS [   0.017s] (1232/1876) specify-workflow change::plan::core::propose::tests::detect_missing_core_present
        PASS [   0.012s] (1233/1876) specify-workflow change::plan::core::propose::tests::detect_missing_skips_web_desktop
        PASS [   0.009s] (1234/1876) specify-workflow change::plan::core::propose::tests::propose_multi_source_fan_out
        PASS [   0.010s] (1235/1876) specify-workflow change::plan::core::propose::tests::propose_multi_homes_cross_cutting_lead
        PASS [   0.013s] (1236/1876) specify-workflow change::plan::core::propose::tests::propose_n1_auto_binds_sole_project
        PASS [   0.010s] (1237/1876) specify-workflow change::plan::core::propose::tests::propose_rejects_depends_on_cycle
        PASS [   0.011s] (1238/1876) specify-workflow change::plan::core::propose::tests::propose_rejects_lead_orphan
        PASS [   0.010s] (1239/1876) specify-workflow change::plan::core::propose::tests::propose_rejects_non_replaceable_plan
        PASS [   0.011s] (1240/1876) specify-workflow change::plan::core::propose::tests::propose_rejects_project_binding_required
        PASS [   0.014s] (1241/1876) specify-workflow change::plan::core::propose::tests::propose_rejects_partition_gap
        PASS [   0.009s] (1242/1876) specify-workflow change::plan::core::propose::tests::propose_rejects_project_orphan
        PASS [   0.012s] (1243/1876) specify-workflow change::plan::core::propose::tests::propose_rejects_slice_name_not_kebab
        PASS [   0.017s] (1244/1876) specify-workflow change::plan::core::propose::tests::propose_rejects_slice_name_collision
        PASS [   0.011s] (1245/1876) specify-workflow change::plan::core::propose::tests::propose_rejects_slice_source_collision
        PASS [   0.015s] (1246/1876) specify-workflow change::plan::core::propose::tests::reconcile_all_present_inserts_nothing
        PASS [   0.012s] (1247/1876) specify-workflow change::plan::core::propose::tests::reconcile_empty_missing_list_is_noop
        PASS [   0.013s] (1248/1876) specify-workflow change::plan::core::propose::tests::reconcile_greenfield_foundation
        PASS [   0.012s] (1249/1876) specify-workflow change::plan::core::propose::tests::reconcile_incremental_two_missing
        PASS [   0.015s] (1250/1876) specify-workflow change::plan::core::propose::tests::reconcile_incremental_bootstrap
        PASS [   0.014s] (1251/1876) specify-workflow change::plan::core::propose::tests::reconcile_multi_project_bootstraps
        PASS [   0.014s] (1252/1876) specify-workflow change::plan::core::propose::tests::reconcile_preserves_existing_depends_on
        PASS [   0.012s] (1253/1876) specify-workflow change::plan::core::propose::tests::reconcile_rejects_name_collision
        PASS [   0.025s] (1254/1876) specify-workflow change::plan::core::propose::tests::resolve_topology_hub_reads_topology_lock
        PASS [   0.014s] (1255/1876) specify-workflow change::plan::core::propose::tests::topology_hub_missing_cache
        PASS [   0.023s] (1256/1876) specify-workflow change::plan::core::propose::tests::response_rfc_multi_source
        PASS [   0.015s] (1257/1876) specify-workflow change::plan::core::propose::tests::topology_regular_no_adapter
        PASS [   0.014s] (1258/1876) specify-workflow change::plan::core::remove::tests::remove_drops_pending_entry
        PASS [   0.014s] (1259/1876) specify-workflow change::plan::core::remove::tests::remove_refuses_when_depended_on
        PASS [   0.011s] (1260/1876) specify-workflow change::plan::core::status::tests::drained_line_renders_literal
        PASS [   0.012s] (1261/1876) specify-workflow change::plan::core::remove::tests::remove_refuses_when_not_replaceable
        PASS [   0.034s] (1262/1876) specify-workflow change::plan::core::status::tests::failure_overlay::later_success_clears_failure
        PASS [   0.043s] (1263/1876) specify-workflow change::plan::core::status::tests::failure_overlay::awaited_build_failure_stops
        PASS [   0.039s] (1264/1876) specify-workflow change::plan::core::status::tests::failure_overlay::merge_failure_maps_to_conflict
        PASS [   0.014s] (1265/1876) specify-workflow change::plan::core::status::tests::failure_overlay::merge_succeeded_without_stamp_stops
        PASS [   0.020s] (1266/1876) specify-workflow change::plan::core::status::tests::failure_overlay::pre_claim_candidate_skips_overlay
        PASS [   0.029s] (1267/1876) specify-workflow change::plan::core::status::tests::failure_overlay::non_awaited_failure_ignored
        PASS [   0.029s] (1268/1876) specify-workflow change::plan::core::status::tests::failure_overlay::reclaim_shadows_old_failure
        PASS [   0.019s] (1269/1876) specify-workflow change::plan::core::status::tests::failure_overlay::refine_failure_stops
        PASS [   0.015s] (1270/1876) specify-workflow change::plan::core::status::tests::next_action::drained_when_all_done
        PASS [   0.017s] (1271/1876) specify-workflow change::plan::core::status::tests::next_action::dropped_slice_stops
        PASS [   0.016s] (1272/1876) specify-workflow change::plan::core::status::tests::next_action::eligible_pending_previews_refine
        PASS [   0.014s] (1273/1876) specify-workflow change::plan::core::status::tests::next_action::fresh_active_refines
        PASS [   0.012s] (1274/1876) specify-workflow change::plan::core::status::tests::next_action::pending_plan_stops
        PASS [   0.019s] (1275/1876) specify-workflow change::plan::core::status::tests::next_action::stuck_when_deps_unmet
        PASS [   0.016s] (1276/1876) specify-workflow change::plan::core::status::tests::re_entry::drained_resumes_at_finalize
        PASS [   0.038s] (1277/1876) specify-workflow change::plan::core::status::tests::next_action::lifecycle_dispatch
        PASS [   0.026s] (1278/1876) specify-workflow change::plan::core::status::tests::re_entry::dispatch_carries_steps_and_resume
        PASS [   0.015s] (1279/1876) specify-workflow change::plan::core::status::tests::re_entry::gate_one_resumes_at_approved_stamp
        PASS [   0.015s] (1280/1876) specify-workflow change::plan::core::status::tests::re_entry::fresh_slice_has_no_completed_step
        PASS [   0.020s] (1281/1876) specify-workflow change::plan::core::status::tests::re_entry::merge_incomplete_resumes_at_done_stamp
        PASS [   0.020s] (1282/1876) specify-workflow change::plan::core::status::tests::re_entry::repair_shaped_stops_have_no_resume
        PASS [   0.029s] (1283/1876) specify-workflow change::plan::core::status::tests::re_entry::stop_keeps_current_step_and_retry_resume
        PASS [   0.024s] (1284/1876) specify-workflow change::plan::core::status::tests::workspace_routing::missing_slot_falls_back_to_project_root
        PASS [   0.011s] (1285/1876) specify-workflow change::plan::core::transitions::tests::pending_to_approved_then_terminal
        PASS [   0.022s] (1286/1876) specify-workflow change::plan::core::status::tests::workspace_routing::slot_bound_entry_reads_slot_state
        PASS [   0.015s] (1287/1876) specify-workflow change::plan::core::transitions::tests::init_then_approved_auto_approve
        PASS [   0.015s] (1288/1876) specify-workflow change::plan::core::transitions::tests::transition_in_progress_to_done
        PASS [   0.013s] (1289/1876) specify-workflow change::plan::core::transitions::tests::undo_refuses_from_pending
        PASS [   0.014s] (1290/1876) specify-workflow change::plan::core::transitions::tests::undo_unknown_entry_diag
        PASS [   0.011s] (1291/1876) specify-workflow change::plan::core::transitions::tests::undo_walks_status_one_rung
        PASS [   0.017s] (1292/1876) specify-workflow change::plan::core::validate::tests::authority_override_empty_passes
        PASS [   0.015s] (1293/1876) specify-workflow change::plan::core::validate::tests::authority_override_valid_keys_pass
        PASS [   0.012s] (1294/1876) specify-workflow change::plan::core::validate::tests::authority_overrides_sort
        PASS [   0.008s] (1295/1876) specify-workflow change::plan::core::validate::tests::context_accepts_valid
        PASS [   0.013s] (1296/1876) specify-workflow change::plan::core::validate::tests::clean_plan_validates
        PASS [   0.013s] (1297/1876) specify-workflow change::plan::core::validate::tests::context_rejects_absolute
        PASS [   0.017s] (1298/1876) specify-workflow change::plan::core::validate::tests::context_rejects_dotdot
        PASS [   0.015s] (1299/1876) specify-workflow change::plan::core::validate::tests::cycle_error
        PASS [   0.017s] (1300/1876) specify-workflow change::plan::core::validate::tests::distinct_source_keys_pass
        PASS [   0.012s] (1301/1876) specify-workflow change::plan::core::validate::tests::duplicate_name_error
        PASS [   0.015s] (1302/1876) specify-workflow change::plan::core::validate::tests::duplicate_source_key_error
        PASS [   0.012s] (1303/1876) specify-workflow change::plan::core::validate::tests::missing_dir_for_in_progress_warning
        PASS [   0.012s] (1304/1876) specify-workflow change::plan::core::validate::tests::multiple_in_progress_error
        PASS [   0.014s] (1305/1876) specify-workflow change::plan::core::validate::tests::no_short_circuit
        PASS [   0.014s] (1306/1876) specify-workflow change::plan::core::validate::tests::no_slices_dir_skips_consistency
        PASS [   0.015s] (1307/1876) specify-workflow change::plan::core::validate::tests::omitted_project_flagged_multi
        PASS [   0.015s] (1308/1876) specify-workflow change::plan::core::validate::tests::omitted_project_ok_single
        PASS [   0.014s] (1309/1876) specify-workflow change::plan::core::validate::tests::omitted_project_passes_without_registry
        PASS [   0.015s] (1310/1876) specify-workflow change::plan::core::validate::tests::orphan_dir_warning
        PASS [   0.015s] (1311/1876) specify-workflow change::plan::core::validate::tests::override_orphan_key_rejected
        PASS [   0.012s] (1312/1876) specify-workflow change::plan::core::validate::tests::present_dir_for_in_progress_silent
        PASS [   0.015s] (1313/1876) specify-workflow change::plan::core::validate::tests::project_matches_registry
        PASS [   0.011s] (1314/1876) specify-workflow change::plan::core::validate::tests::project_not_in_registry
        PASS [   0.017s] (1315/1876) specify-workflow change::plan::core::validate::tests::self_cycle_error
        PASS [   0.014s] (1316/1876) specify-workflow change::plan::core::validate::tests::unknown_depends_on_error
        PASS [   0.017s] (1317/1876) specify-workflow change::plan::core::validate::tests::single_in_progress_is_fine
        PASS [   0.014s] (1318/1876) specify-workflow change::plan::core::validate::tests::unknown_source_error
        PASS [   0.028s] (1319/1876) specify-workflow change::plan::doctor::cycle::tests::dag_never_flagged
        PASS [   0.039s] (1320/1876) specify-workflow change::plan::doctor::cycle::tests::ring_always_flagged
        PASS [   0.014s] (1321/1876) specify-workflow change::plan::doctor::tests::cycle_self_loop
        PASS [   0.036s] (1322/1876) specify-workflow change::plan::doctor::cycle::tests::self_loop_flagged
        PASS [   0.010s] (1323/1876) specify-workflow change::plan::doctor::tests::cycle_two_disjoint
        PASS [   0.016s] (1324/1876) specify-workflow change::plan::doctor::tests::cycle_three_node
        PASS [   0.015s] (1325/1876) specify-workflow change::plan::doctor::tests::cycle_two_node
        PASS [   0.011s] (1326/1876) specify-workflow change::plan::doctor::tests::healthy_plan_no_diagnostics
        PASS [   0.014s] (1327/1876) specify-workflow change::plan::doctor::tests::includes_validate_findings
        PASS [   0.028s] (1328/1876) specify-workflow change::plan::doctor::tests::doctor_finding_is_canonical_diagnostic
        PASS [   0.014s] (1329/1876) specify-workflow change::plan::doctor::tests::no_cycle_quiet
        PASS [   0.015s] (1330/1876) specify-workflow change::plan::doctor::tests::orphan_source_mixed_references
        PASS [   0.011s] (1331/1876) specify-workflow change::plan::doctor::tests::orphan_source_multiple_sorted
        PASS [   0.015s] (1332/1876) specify-workflow change::plan::doctor::tests::orphan_source_one
        PASS [   0.011s] (1333/1876) specify-workflow change::plan::doctor::tests::stale_clone_ignores_missing_slots
        PASS [   0.018s] (1334/1876) specify-workflow change::plan::doctor::tests::orphan_source_zero
        PASS [   0.040s] (1335/1876) specify-workflow change::plan::doctor::tests::stale_clone_reports_missing_origin
        PASS [   0.047s] (1336/1876) specify-workflow change::plan::doctor::tests::stale_clone_signature_changed
        PASS [   0.016s] (1337/1876) specify-workflow change::plan::doctor::tests::stale_clone_wrong_symlink_target
        PASS [   0.054s] (1338/1876) specify-workflow change::plan::doctor::tests::stale_clone_signature_current
        PASS [   0.012s] (1339/1876) specify-workflow config::atomic::tests::load_maps_not_initialized_to_none
        PASS [   0.019s] (1340/1876) specify-workflow config::atomic::tests::load_round_trips_when_present
        PASS [   0.011s] (1341/1876) specify-workflow config::atomic::tests::with_state_missing_errors
        PASS [   0.017s] (1342/1876) specify-workflow config::atomic::tests::with_state_propagates_error_skips_write
        PASS [   0.014s] (1343/1876) specify-workflow config::tests::find_root_none_outside_tree
        PASS [   0.021s] (1344/1876) specify-workflow config::atomic::tests::with_state_require_existing_round_trips
        PASS [   0.016s] (1345/1876) specify-workflow config::tests::find_root_walks_up_to_specify_project
        PASS [   0.013s] (1346/1876) specify-workflow config::tests::hub_field_serialised_when_true
        PASS [   0.013s] (1347/1876) specify-workflow config::tests::load_accepts_floor_lte_current
        PASS [   0.021s] (1348/1876) specify-workflow config::tests::hub_field_defaults_false_round_trips
        PASS [   0.012s] (1349/1876) specify-workflow config::tests::load_no_migration_same_major
        PASS [   0.014s] (1350/1876) specify-workflow config::tests::load_for_migration_same_major
        PASS [   0.017s] (1351/1876) specify-workflow config::tests::load_allows_invalid_pinned_version
        PASS [   0.013s] (1352/1876) specify-workflow config::tests::load_refuses_future_specify_version
        PASS [   0.014s] (1353/1876) specify-workflow config::tests::load_refuses_migration_owed_pin
        PASS [   0.017s] (1354/1876) specify-workflow config::tests::load_not_initialized_when_missing
        PASS [   0.011s] (1355/1876) specify-workflow config::tests::load_same_major_injected_current
        PASS [   0.012s] (1356/1876) specify-workflow config::tests::major_parses_or_none
        PASS [   0.026s] (1357/1876) specify-workflow config::tests::major_extracts_first_component
        PASS [   0.023s] (1358/1876) specify-workflow config::tests::migration_iff_pin_major_older
        PASS [   0.025s] (1359/1876) specify-workflow config::tests::migration_is_antisymmetric
        PASS [   0.015s] (1360/1876) specify-workflow config::tests::needs_migration_detects_older_major
        PASS [   0.016s] (1361/1876) specify-workflow config::tests::needs_migration_none_for_newer_pin
        PASS [   0.016s] (1362/1876) specify-workflow config::tests::needs_migration_none_for_same_major
        PASS [   0.014s] (1363/1876) specify-workflow config::tests::needs_migration_none_for_unparseable_pin
        PASS [   0.011s] (1364/1876) specify-workflow config::tests::needs_migration_unparseable_current
        PASS [   0.013s] (1365/1876) specify-workflow config::tests::plan_dir_none_keeps_project_root
        PASS [   0.015s] (1366/1876) specify-workflow config::tests::plan_dir_moves_plan_artifacts_only
        PASS [   0.016s] (1367/1876) specify-workflow config::tests::platforms_absent_is_empty
        PASS [   0.014s] (1368/1876) specify-workflow config::tests::platforms_field_round_trips
        PASS [   0.018s] (1369/1876) specify-workflow config::tests::platforms_field_preserves_order
        PASS [   0.013s] (1370/1876) specify-workflow config::tests::platforms_omitted_when_empty
        PASS [   0.012s] (1371/1876) specify-workflow config::tests::rule_path_empty_map_is_none
        PASS [   0.012s] (1372/1876) specify-workflow config::tests::rule_path_resolves_under_specify_dir
        PASS [   0.015s] (1373/1876) specify-workflow config::tests::rule_path_empty_value_is_none
        PASS [   0.014s] (1374/1876) specify-workflow config::tests::slot_detects_literal_path
        PASS [   0.014s] (1375/1876) specify-workflow config::tests::slot_rejects_non_slot_paths
        PASS [   0.026s] (1376/1876) specify-workflow config::tests::same_version_never_migrates
        PASS [   0.014s] (1377/1876) specify-workflow config::tests::specify_subpaths
        PASS [   0.013s] (1378/1876) specify-workflow config::tests::tools_field_omitted_when_empty
        PASS [   0.015s] (1379/1876) specify-workflow config::tests::tools_field_round_trips
        PASS [   0.013s] (1380/1876) specify-workflow config::tests::workspace_omitted_when_false
        PASS [   0.015s] (1381/1876) specify-workflow config::tests::workspace_clone_detects_nested
        PASS [   0.013s] (1382/1876) specify-workflow decisions::tests::dec_number_parses
        PASS [   0.020s] (1383/1876) specify-workflow decisions::tests::fresh_add_assigns_dec_0001
        PASS [   0.028s] (1384/1876) specify-workflow decisions::tests::ids_continue_from_existing_baseline
        PASS [   0.022s] (1385/1876) specify-workflow decisions::tests::no_decisions_is_noop
        PASS [   0.034s] (1386/1876) specify-workflow decisions::tests::multi_record_ids_assigned_in_slug_order
        PASS [   0.016s] (1387/1876) specify-workflow decisions::tests::orphan_supersede_aborts
        PASS [   0.032s] (1388/1876) specify-workflow decisions::tests::supersede_earlier_sibling_in_same_merge
        PASS [   0.049s] (1389/1876) specify-workflow decisions::tests::supersede_flips_baseline_record_by_id
        PASS [   0.047s] (1390/1876) specify-workflow decisions::tests::supersede_flips_baseline_record_by_slug
        PASS [   0.028s] (1391/1876) specify-workflow design_system::tests::accepts_fingerprint_field
        PASS [   0.017s] (1392/1876) specify-workflow design_system::tests::confirmed_slugs_filters_correctly
        PASS [   0.026s] (1393/1876) specify-workflow design_system::tests::empty_components_is_valid
        PASS [   0.022s] (1394/1876) specify-workflow design_system::tests::fingerprint_index_maps_stored
        PASS [   0.019s] (1395/1876) specify-workflow design_system::tests::load_returns_none_when_absent
        PASS [   0.022s] (1396/1876) specify-workflow design_system::tests::parts_from_yaml_rejects_non_kebab_slug
        PASS [   0.027s] (1397/1876) specify-workflow design_system::tests::parts_from_yaml_rejects_missing_group
        PASS [   0.036s] (1398/1876) specify-workflow design_system::tests::parts_from_yaml_parses_part
        PASS [   0.012s] (1399/1876) specify-workflow design_system::tests::parts_load_returns_none_when_absent
        PASS [   0.013s] (1400/1876) specify-workflow design_system::tests::rejected_slugs_filters_correctly
        PASS [   0.024s] (1401/1876) specify-workflow design_system::tests::parts_load_round_trips_from_disk
        PASS [   0.026s] (1402/1876) specify-workflow design_system::tests::rejects_invalid_status
        PASS [   0.026s] (1403/1876) specify-workflow design_system::tests::rejects_malformed_fingerprint
        PASS [   0.020s] (1404/1876) specify-workflow design_system::tests::rejects_missing_version
        PASS [   0.026s] (1405/1876) specify-workflow design_system::tests::rejects_non_kebab_slug
        PASS [   0.030s] (1406/1876) specify-workflow design_system::tests::round_trip_yaml
        PASS [   0.029s] (1407/1876) specify-workflow design_system::tests::save_round_trips_through_load
        PASS [   0.018s] (1408/1876) specify-workflow design_system::tests::status_of_returns_correct_variant
        PASS [   0.010s] (1409/1876) specify-workflow design_system::tests::upsert_bound_adds_slug_with_fp
        PASS [   0.009s] (1410/1876) specify-workflow design_system::tests::upsert_bound_never_reconfirms_rejected
        PASS [   0.016s] (1411/1876) specify-workflow design_system::tests::upsert_bound_keeps_confirmed
        PASS [   0.013s] (1412/1876) specify-workflow init::adapter_uri::tests::github_adapter_uri_parses_default_main
        PASS [   0.009s] (1413/1876) specify-workflow init::adapter_uri::tests::github_adapter_uri_parses_suffix_ref
        PASS [   0.013s] (1414/1876) specify-workflow init::adapter_uri::tests::github_adapter_uri_parses_tree_ref
        PASS [   0.018s] (1415/1876) specify-workflow init::adapter_uri::tests::name_from_value_handles_shapes
        PASS [   0.013s] (1416/1876) specify-workflow init::adapter_uri::tests::shorthand_rejects_non_shorthand
        PASS [   0.012s] (1417/1876) specify-workflow init::adapter_uri::tests::shorthand_splits_name_and_default_ref
        PASS [   0.010s] (1418/1876) specify-workflow init::git::tests::sparse_checkout_uses_adapter_parent
        PASS [   0.039s] (1419/1876) specify-workflow init::regular::tests::cache_present_matches_manifest_meta
        PASS [   0.037s] (1420/1876) specify-workflow init::regular::tests::default_name_is_dir_basename
        PASS [   0.057s] (1421/1876) specify-workflow init::regular::tests::gitignore_appends_to_existing
        PASS [   0.042s] (1422/1876) specify-workflow init::regular::tests::gitignore_appends_workspace_only
        PASS [   0.043s] (1423/1876) specify-workflow init::regular::tests::gitignore_existing_entry_noop
        PASS [   0.044s] (1424/1876) specify-workflow init::regular::tests::init_creates_specify_tree
        PASS [   0.061s] (1425/1876) specify-workflow init::regular::tests::gitignore_missing_existing_duplicate
        PASS [   0.048s] (1426/1876) specify-workflow init::regular::tests::include_framework_distributes_core_pack
        PASS [   0.034s] (1427/1876) specify-workflow init::regular::tests::init_platforms_missing_core_fails
        PASS [   0.041s] (1428/1876) specify-workflow init::regular::tests::init_optional_no_platforms_ok
        PASS [   0.044s] (1429/1876) specify-workflow init::regular::tests::init_distributes_shared_codex
        PASS [   0.017s] (1430/1876) specify-workflow init::regular::tests::init_rejects_cross_axis_name_collision
        PASS [   0.030s] (1431/1876) specify-workflow init::regular::tests::init_platforms_not_allowed_fails
        PASS [   0.037s] (1432/1876) specify-workflow init::regular::tests::init_platforms_writes_yaml
        PASS [   0.033s] (1433/1876) specify-workflow init::regular::tests::init_required_no_platforms_fails
        PASS [   0.038s] (1434/1876) specify-workflow init::regular::tests::init_vendors_spec_runtime_in_cache
        PASS [   0.037s] (1435/1876) specify-workflow init::regular::tests::init_without_shared_pack_skips_codex
        PASS [   0.043s] (1436/1876) specify-workflow init::regular::tests::init_writes_default_wasm_pkg_config
        PASS [   0.047s] (1437/1876) specify-workflow init::regular::tests::reinit_idempotent
        PASS [   0.036s] (1438/1876) specify-workflow init::regular::tests::reinit_preserves_wasm_pkg_config
        PASS [   0.015s] (1439/1876) specify-workflow init::tests::rejects_missing_adapter
        PASS [   0.011s] (1440/1876) specify-workflow init::tests::validate_platforms_missing_core_fails
        PASS [   0.015s] (1441/1876) specify-workflow init::tests::validate_no_capability_passthrough
        PASS [   0.016s] (1442/1876) specify-workflow init::tests::validate_no_cap_no_op_empty
        PASS [   0.012s] (1443/1876) specify-workflow init::tests::validate_required_none_fails
        PASS [   0.015s] (1444/1876) specify-workflow init::tests::validate_platforms_not_allowed_fails
        PASS [   0.014s] (1445/1876) specify-workflow init::tests::validate_platforms_valid_set_succeeds
        PASS [   0.012s] (1446/1876) specify-workflow init::tests::workspace_rejects_adapter_argument
        PASS [   0.013s] (1447/1876) specify-workflow init::upgrade::tests::bumps_older_major_preserving_fields
        PASS [   0.019s] (1448/1876) specify-workflow init::upgrade::tests::byte_stable_noop_when_current
        PASS [   0.016s] (1449/1876) specify-workflow init::upgrade::tests::preserves_workspace_discriminator
        PASS [   0.010s] (1450/1876) specify-workflow init::upgrade::tests::upgrade_preserves_platforms
        PASS [   0.029s] (1451/1876) specify-workflow init::upgrade::tests::upgrade_platforms_no_core_fails
        PASS [   0.017s] (1452/1876) specify-workflow init::upgrade::tests::upgrade_refuses_when_uninitialised
        PASS [   0.015s] (1453/1876) specify-workflow init::workspace::tests::init::refuses_existing_specify_dir
        PASS [   0.022s] (1454/1876) specify-workflow init::workspace::tests::init::canonical_shape
        PASS [   0.035s] (1455/1876) specify-workflow init::upgrade::tests::upgrade_with_platforms_updates_config
        PASS [   0.010s] (1456/1876) specify-workflow init::workspace::tests::init::rejects_non_kebab_name
        PASS [   0.015s] (1457/1876) specify-workflow journal::event::authority_override_action_tests::set_sorts_before_clear
        PASS [   0.018s] (1458/1876) specify-workflow journal::tests::append_batch_empty_slice_is_no_op
        PASS [   0.024s] (1459/1876) specify-workflow init::workspace::tests::init::wasm_pkg_config
        PASS [   0.016s] (1460/1876) specify-workflow journal::tests::append_batch_writes_in_order
        PASS [   0.014s] (1461/1876) specify-workflow journal::tests::append_failure_records_dropped_sidecar
        PASS [   0.020s] (1462/1876) specify-workflow journal::tests::append_creates_specify_dir_when_missing
        PASS [   0.013s] (1463/1876) specify-workflow journal::tests::approved_actor_defaults_on_legacy_lines
        PASS [   0.013s] (1464/1876) specify-workflow journal::tests::cli_plugins_migration_events_round_trip
        PASS [   0.015s] (1465/1876) specify-workflow journal::tests::dropped_sidecar_appends_event_lines
        PASS [   0.018s] (1466/1876) specify-workflow journal::tests::event_wire_shapes_match_contract
        PASS [   0.011s] (1467/1876) specify-workflow journal::tests::for_each_line_rev_early_stop
        PASS [   0.010s] (1468/1876) specify-workflow journal::tests::for_each_line_rev_missing_file
        PASS [   0.012s] (1469/1876) specify-workflow journal::tests::lint_completed_round_trips
        PASS [   0.021s] (1470/1876) specify-workflow journal::tests::for_each_line_rev_matches_str_lines
        PASS [   0.011s] (1471/1876) specify-workflow journal::tests::plan_reconcile_event_round_trips
        PASS [   0.041s] (1472/1876) specify-workflow journal::tests::read_recent_short_missing_and_zero_limit
        PASS [   0.113s] (1473/1876) specify-workflow journal::tests::read_recent_last_n_matching
        PASS [   0.090s] (1474/1876) specify-workflow journal::tests::show::filter_is_id_prefix
        PASS [   0.020s] (1475/1876) specify-workflow journal::tests::show::missing_journal_yields_empty
        PASS [   0.072s] (1476/1876) specify-workflow journal::tests::show::limit_tails_matches
        PASS [   0.200s] (1477/1876) specify-workflow journal::tests::no_snake_case_leaks_to_wire
        PASS [   0.017s] (1478/1876) specify-workflow journal::tests::slice_build_merge_events_round_trip
        PASS [   0.014s] (1479/1876) specify-workflow journal::tests::slice_synthesize_events_round_trip
        PASS [   0.054s] (1480/1876) specify-workflow journal::tests::show::unfiltered_returns_all_in_order
        PASS [   0.012s] (1481/1876) specify-workflow journal::tests::synthesize_omits_empty_artifacts
        PASS [   0.013s] (1482/1876) specify-workflow journal::tests::wire_event_ids_match_serde_renames
        PASS [   0.009s] (1483/1876) specify-workflow merge::clone_commit::tests::rejects_bare_specify_dir
        PASS [   0.013s] (1484/1876) specify-workflow merge::clone_commit::tests::deeply_nested_workspace_clone
        PASS [   0.017s] (1485/1876) specify-workflow merge::clone_commit::tests::rejects_normal_project_root
        PASS [   0.013s] (1486/1876) specify-workflow merge::composition::tests::baseline_non_empty_detection
        PASS [   0.018s] (1487/1876) specify-workflow merge::clone_commit::tests::workspace_clone_path
        PASS [   0.013s] (1488/1876) specify-workflow merge::composition::tests::delta_modifies_screen
        PASS [   0.015s] (1489/1876) specify-workflow merge::composition::tests::delta_adds_screen
        PASS [   0.015s] (1490/1876) specify-workflow merge::composition::tests::delta_on_empty_baseline
        PASS [   0.011s] (1491/1876) specify-workflow merge::composition::tests::duplicate_add_errors
        PASS [   0.013s] (1492/1876) specify-workflow merge::composition::tests::delta_removes_screen
        PASS [   0.011s] (1493/1876) specify-workflow merge::composition::tests::missing_screen_errors
        PASS [   0.010s] (1494/1876) specify-workflow merge::composition::tests::screens_creates_baseline
        PASS [   0.011s] (1495/1876) specify-workflow merge::composition::tests::whole_document_detection
        PASS [   0.016s] (1496/1876) specify-workflow merge::composition::tests::missing_screens_and_delta_errors
        PASS [   0.012s] (1497/1876) specify-workflow merge::composition::tests::whole_document_detection_malformed
        PASS [   0.011s] (1498/1876) specify-workflow merge::engine::tests::greenfield_counts_blocks
        PASS [   0.013s] (1499/1876) specify-workflow merge::engine::tests::added_id_collision_errors
        PASS [   0.019s] (1500/1876) specify-workflow merge::engine::tests::greenfield_no_headers_verbatim
        PASS [   0.016s] (1501/1876) specify-workflow merge::engine::tests::modified_unknown_id_errors
        PASS [   0.017s] (1502/1876) specify-workflow merge::engine::tests::rename_records_op
        PASS [   0.011s] (1503/1876) specify-workflow merge::engine::tests::replace_first_once
        PASS [   0.012s] (1504/1876) specify-workflow merge::slice::parse::tests::converts_known_offset
        PASS [   0.012s] (1505/1876) specify-workflow merge::slice::parse::tests::converts_unix_epoch
        PASS [   0.014s] (1506/1876) specify-workflow merge::slice::read::tests::lists_spec_deltas
        PASS [   0.012s] (1507/1876) specify-workflow merge::slice::read::tests::preview_opaque_marks_actions
        PASS [   0.015s] (1508/1876) specify-workflow merge::slice::read::tests::plan_creates_new_baseline
        PASS [   0.012s] (1509/1876) specify-workflow merge::slice::write::tests::commit_opaque_copies_tree
        PASS [   0.011s] (1510/1876) specify-workflow merge::slice::write::tests::summary_counts_classes
        PASS [   0.024s] (1511/1876) specify-workflow merge::slice::read::tests::round_trip_modified_baseline
        PASS [   0.013s] (1512/1876) specify-workflow merge::slice::write::tests::summary_empty_merge
        PASS [   0.010s] (1513/1876) specify-workflow merge::validate::tests::clean_baseline_ok
        PASS [   0.023s] (1514/1876) specify-workflow merge::slice::write::tests::write_replaces_whole_file
        PASS [   0.019s] (1515/1876) specify-workflow merge::slice::write::tests::writes_baseline_atomically
        PASS [   0.012s] (1516/1876) specify-workflow merge::validate::tests::design_refs_multiline_quirk
        PASS [   0.013s] (1517/1876) specify-workflow merge::validate::tests::design_reference_regex_is_compilable
        PASS [   0.016s] (1518/1876) specify-workflow merge::validate::tests::duplicate_ids_fail
        PASS [   0.014s] (1519/1876) specify-workflow merge::validate::tests::missing_id_and_bad_id_fail
        PASS [   0.018s] (1520/1876) specify-workflow migrate::tests::major_parses_or_none
        PASS [   0.014s] (1521/1876) specify-workflow migrate::tests::resolve_dormant_without_migrators
        PASS [   0.010s] (1522/1876) specify-workflow migrate::tests::resolve_empty_when_to_below_from
        PASS [   0.012s] (1523/1876) specify-workflow migrate::tests::resolve_empty_when_to_equals_from
        PASS [   0.010s] (1524/1876) specify-workflow name::tests::borrow_enables_str_keyed_lookup
        PASS [   0.012s] (1525/1876) specify-workflow name::tests::deref_exposes_str_api
        PASS [   0.009s] (1526/1876) specify-workflow name::tests::equality_against_bare_strings
        PASS [   0.013s] (1527/1876) specify-workflow name::tests::slice_name_serialises_transparently
        PASS [   0.016s] (1528/1876) specify-workflow name::tests::plan_name_deserialises_from_bare_string
        PASS [   0.014s] (1529/1876) specify-workflow plan_lock::tests::missing_lockfile_is_unheld
        PASS [   0.014s] (1530/1876) specify-workflow plan_lock::tests::unix::flock_holder_is_held
        PASS [   0.015s] (1531/1876) specify-workflow plan_lock::tests::unix::probe_leaves_lock_free
        PASS [   0.010s] (1532/1876) specify-workflow plan_lock::tests::unix::require_held_refuses_unlocked
        PASS [   0.019s] (1533/1876) specify-workflow plan_lock::tests::unix::require_held_passes_under_lock
        PASS [   0.012s] (1534/1876) specify-workflow plan_lock::tests::unlocked_file_is_unheld
        PASS [   0.012s] (1535/1876) specify-workflow platform::tests::deserialize_rejects_unknown_variant
        PASS [   0.013s] (1536/1876) specify-workflow platform::tests::display_matches_serde_name
        PASS [   0.011s] (1537/1876) specify-workflow platform::tests::from_str_known_variants
        PASS [   0.010s] (1538/1876) specify-workflow platform::tests::from_str_rejects_unknown
        PASS [   0.069s] (1539/1876) specify-workflow plan_lock::tests::unix::fcntl_holder_is_held
        PASS [   0.012s] (1540/1876) specify-workflow platform::tests::ord_is_stable
        PASS [   0.012s] (1541/1876) specify-workflow platform::tests::parse_csv_basic
        PASS [   0.010s] (1542/1876) specify-workflow platform::tests::parse_csv_deduplicates_and_sorts
        PASS [   0.012s] (1543/1876) specify-workflow platform::tests::parse_csv_rejects_unknown
        PASS [   0.013s] (1544/1876) specify-workflow platform::tests::serde_round_trip_kebab_case
        PASS [   0.010s] (1545/1876) specify-workflow plugins::tests::classify_matches_ok
        PASS [   0.013s] (1546/1876) specify-workflow plugins::tests::classify_differs_drifted
        PASS [   0.016s] (1547/1876) specify-workflow plugins::tests::classify_no_cache_missing
        PASS [   0.014s] (1548/1876) specify-workflow plugins::tests::classify_unresolvable_present
        PASS [   0.016s] (1549/1876) specify-workflow plugins::tests::discover_missing_flag_errors
        PASS [   0.011s] (1550/1876) specify-workflow plugins::tests::is_url_distinguishes_paths_from_remotes
        PASS [   0.014s] (1551/1876) specify-workflow plugins::tests::discover_prefers_flag_then_project
        PASS [   0.030s] (1552/1876) specify-workflow plugins::tests::load_marketplace_parses_and_validates
        PASS [   0.021s] (1553/1876) specify-workflow plugins::tests::refresh_deletes_only_scoped_root
        PASS [   0.028s] (1554/1876) specify-workflow plugins::tests::marketplace_rejects_schema_violation
        PASS [   0.012s] (1555/1876) specify-workflow plugins::tests::report_drifted_and_ok_with_resolved_head
        PASS [   0.016s] (1556/1876) specify-workflow plugins::tests::refresh_missing_root_is_noop
        PASS [   0.012s] (1557/1876) specify-workflow plugins::tests::report_flags_missing_extra_and_present
        PASS [   0.011s] (1558/1876) specify-workflow plugins::tests::report_missing_cache_root_is_all_missing
        PASS [   0.016s] (1559/1876) specify-workflow registry::identity::tests::decisions_accepted_only_ascending
        PASS [   0.018s] (1560/1876) specify-workflow registry::identity::tests::decisions_capped_keeps_most_recent
        PASS [   0.016s] (1561/1876) specify-workflow registry::identity::tests::domains_by_slug_reqs_by_req_id
        PASS [   0.019s] (1562/1876) specify-workflow registry::identity::tests::empty_baseline_projects_nothing
        PASS [   0.020s] (1563/1876) specify-workflow registry::identity::tests::recent_keeps_last_m_archive_summaries
        PASS [   0.017s] (1564/1876) specify-workflow registry::identity::tests::requirements_capped_with_more_count
        PASS [   0.014s] (1565/1876) specify-workflow registry::topology::tests::missing_file_is_none
        PASS [   0.015s] (1566/1876) specify-workflow registry::topology::tests::round_trips_with_platforms
        PASS [   0.016s] (1567/1876) specify-workflow registry::topology::tests::round_trips_yaml_empties_elided
        PASS [   0.016s] (1568/1876) specify-workflow registry::topology::tests::version_too_new_errors
        PASS [   0.027s] (1569/1876) specify-workflow registry::topology::tests::save_then_load_is_identity
        PASS [   0.017s] (1570/1876) specify-workflow registry::workspace::mirror::tests::bare_directory_is_not_an_adapter
        PASS [   0.035s] (1571/1876) specify-workflow registry::topology::tests::save_then_load_with_platforms
        PASS [   0.018s] (1572/1876) specify-workflow registry::workspace::mirror::tests::cache_wins_over_vendored_as_copy_source
        PASS [   0.015s] (1573/1876) specify-workflow registry::workspace::mirror::tests::slot_vendoring_is_cross_axis
        PASS [   0.018s] (1574/1876) specify-workflow registry::workspace::mirror::tests::replace_refreshes_stale_copy
        PASS [   0.025s] (1575/1876) specify-workflow schema::tests::build_report_accepts_failure
        PASS [   0.019s] (1576/1876) specify-workflow schema::tests::build_request_rejects_malformed
        PASS [   0.034s] (1577/1876) specify-workflow schema::tests::build_report_rejects_malformed
        PASS [   0.032s] (1578/1876) specify-workflow schema::tests::build_request_accepts_rfc_example
        PASS [   0.011s] (1579/1876) specify-workflow schema::tests::missing_evidence_dir_is_ok
        PASS [   0.022s] (1580/1876) specify-workflow schema::tests::proposal_accepts_rfc_fanout_response
        PASS [   0.042s] (1581/1876) specify-workflow schema::tests::codex_rule_accepts_example
        PASS [   0.029s] (1582/1876) specify-workflow schema::tests::proposal_accepts_rfc_n1_response
        PASS [   0.028s] (1583/1876) specify-workflow schema::tests::proposal_accepts_rfc_request
        PASS [   0.024s] (1584/1876) specify-workflow schema::tests::proposal_schema_compiles
        PASS [   0.025s] (1585/1876) specify-workflow schema::tests::proposal_rejects_malformed_envelope
        PASS [   0.015s] (1586/1876) specify-workflow slice::actions::archive::tests::moves_dir_to_dated_target
        PASS [   0.036s] (1587/1876) specify-workflow schema::tests::resolved_codex_accepts_example
        PASS [   0.013s] (1588/1876) specify-workflow slice::actions::archive::tests::no_basename_errors
        PASS [   0.031s] (1589/1876) specify-workflow schema::tests::review_finding_accepts_example
        PASS [   0.018s] (1590/1876) specify-workflow slice::actions::create::tests::continue_reuses_dir
        PASS [   0.014s] (1591/1876) specify-workflow slice::actions::create::tests::invalid_name_rejected
        PASS [   0.017s] (1592/1876) specify-workflow slice::actions::create::tests::duplicate_fails
        PASS [   0.023s] (1593/1876) specify-workflow slice::actions::create::tests::seeds_metadata_and_specs
        PASS [   0.031s] (1594/1876) specify-workflow slice::actions::create::tests::restart_recreates_dir
        PASS [   0.033s] (1595/1876) specify-workflow slice::actions::discard::tests::discard_from_terminal_errors
        PASS [   0.012s] (1596/1876) specify-workflow slice::actions::prune::tests::bad_entry_name_errors
        PASS [   0.015s] (1597/1876) specify-workflow slice::actions::prune::tests::keep_count_prunes_oldest
        PASS [   0.011s] (1598/1876) specify-workflow slice::actions::prune::tests::max_age_prunes_old
        PASS [   0.013s] (1599/1876) specify-workflow slice::actions::prune::tests::missing_archive_is_noop
        PASS [   0.015s] (1600/1876) specify-workflow slice::actions::prune::tests::prune_removes_dirs
        PASS [   0.024s] (1601/1876) specify-workflow slice::actions::transition::tests::illegal_edge_rejected
        PASS [   0.037s] (1602/1876) specify-workflow slice::actions::transition::tests::existing_stamp_preserved
        PASS [   0.035s] (1603/1876) specify-workflow slice::actions::transition::tests::refined_stamps_and_emits
        PASS [   0.012s] (1604/1876) specify-workflow slice::build::assemble::tests::missing_optional_input_is_skipped
        PASS [   0.024s] (1605/1876) specify-workflow slice::build::assemble::tests::assembles_request_with_present_input
        PASS [   0.014s] (1606/1876) specify-workflow slice::build::wire::tests::coherence_absent_composition_ui_slice
        PASS [   0.017s] (1607/1876) specify-workflow slice::build::assemble::tests::missing_required_input_aborts
        PASS [   0.013s] (1608/1876) specify-workflow slice::build::wire::tests::coherence_absent_ui_surface_silent
        PASS [   0.013s] (1609/1876) specify-workflow slice::build::wire::tests::coherence_flags_empty_composition
        PASS [   0.017s] (1610/1876) specify-workflow slice::build::wire::tests::coherence_matched_cases_silent
        PASS [   0.019s] (1611/1876) specify-workflow slice::build::wire::tests::coherence_flags_unexpected_composition
        PASS [   0.013s] (1612/1876) specify-workflow slice::build::wire::tests::coherence_reads_delta_envelope
        PASS [   0.017s] (1613/1876) specify-workflow slice::build::wire::tests::gate_success_blocks_finding
        PASS [   0.019s] (1614/1876) specify-workflow slice::build::wire::tests::gate_failure_blocking_ok
        PASS [   0.019s] (1615/1876) specify-workflow slice::build::wire::tests::gate_success_non_blocking_ok
        PASS [   0.015s] (1616/1876) specify-workflow slice::build::wire::tests::output_gate_accepts_present_outputs
        PASS [   0.016s] (1617/1876) specify-workflow slice::build::wire::tests::output_gate_accepts_empty_outputs
        PASS [   0.011s] (1618/1876) specify-workflow slice::build::wire::tests::output_gate_accepts_tree_output
        PASS [   0.012s] (1619/1876) specify-workflow slice::build::wire::tests::output_gate_rejects_empty_directory
        PASS [   0.013s] (1620/1876) specify-workflow slice::build::wire::tests::output_gate_rejects_absolute_path
        PASS [   0.016s] (1621/1876) specify-workflow slice::build::wire::tests::output_gate_rejects_empty_file
        PASS [   0.014s] (1622/1876) specify-workflow slice::build::wire::tests::output_gate_rejects_missing_output
        PASS [   0.017s] (1623/1876) specify-workflow slice::build::wire::tests::output_gate_rejects_parent_traversal
        PASS [   0.011s] (1624/1876) specify-workflow slice::build::wire::tests::output_gate_skips_on_failure_status
        PASS [   0.013s] (1625/1876) specify-workflow slice::build::wire::tests::report_rejects_unknown_field
        PASS [   0.011s] (1626/1876) specify-workflow slice::build::wire::tests::report_without_outputs_round_trips
        PASS [   0.015s] (1627/1876) specify-workflow slice::build::wire::tests::report_with_outputs_round_trips
        PASS [   0.016s] (1628/1876) specify-workflow slice::build::wire::tests::request_round_trips
        PASS [   0.012s] (1629/1876) specify-workflow slice::build::wire::tests::ui_surface_round_trips
        PASS [   0.014s] (1630/1876) specify-workflow slice::build::wire::tests::ui_surface_absent_skips_serialisation
        PASS [   0.010s] (1631/1876) specify-workflow slice::lifecycle::tests::transition_matrix_legal_and_illegal
        PASS [   0.014s] (1632/1876) specify-workflow slice::lifecycle::tests::transition_refining_to_refined_ok
        PASS [   0.013s] (1633/1876) specify-workflow slice::lifecycle::tests::transition_rejects_skipping_states
        PASS [   0.015s] (1634/1876) specify-workflow slice::metadata::tests::load_malformed_errors
        PASS [   0.015s] (1635/1876) specify-workflow slice::metadata::tests::load_missing_errors
        PASS [   0.015s] (1636/1876) specify-workflow slice::metadata::tests::omits_none_fields_on_disk
        PASS [   0.018s] (1637/1876) specify-workflow slice::metadata::tests::round_trips_with_outcome
        PASS [   0.018s] (1638/1876) specify-workflow slice::metadata::tests::save_load_round_trips
        PASS [   0.031s] (1639/1876) specify-workflow slice::model::tests::parses_and_validates_projected_model
        PASS [   0.025s] (1640/1876) specify-workflow slice::model::tests::projection_rejects_pre_projection_draft
        PASS [   0.040s] (1641/1876) specify-workflow slice::model::tests::projects_authority_resolved_divergence
        PASS [   0.028s] (1642/1876) specify-workflow slice::model::tests::rejects_missing_required_sections
        PASS [   0.035s] (1643/1876) specify-workflow slice::model::tests::projects_single_value_agreement
        PASS [   0.014s] (1644/1876) specify-workflow slice::outcome::tests::display_matches_serde
        PASS [   0.011s] (1645/1876) specify-workflow slice::outcome::tests::round_trips_through_json
        PASS [   0.012s] (1646/1876) specify-workflow slice::outcome::tests::rejects_pascal_case_on_wire
        PASS [   0.013s] (1647/1876) specify-workflow slice::outcome::tests::round_trips_through_yaml
        PASS [   0.009s] (1648/1876) specify-workflow slice::provenance::tests::rejects_unknown_top_level_fields
        PASS [   0.010s] (1649/1876) specify-workflow slice::outcome::tests::unknown_variant_errors
        PASS [   0.012s] (1650/1876) specify-workflow slice::provenance::tests::resolution_round_trips_kebab_case
        PASS [   0.012s] (1651/1876) specify-workflow slice::provenance::tests::round_trips_through_yaml
        PASS [   0.009s] (1652/1876) specify-workflow slice::synthesis::authority::tests::agreement_round_trips_kebab_case
        PASS [   0.012s] (1653/1876) specify-workflow slice::synthesis::authority::tests::mixed_kinds_override_flips_winner
        PASS [   0.031s] (1654/1876) specify-workflow slice::provenance::tests::validates_against_embedded_schema
        PASS [   0.015s] (1655/1876) specify-workflow slice::synthesis::authority::tests::mixed_kinds_picks_winner
        PASS [   0.012s] (1656/1876) specify-workflow slice::synthesis::authority::tests::multi_agreed_is_single_value_agreement
        PASS [   0.009s] (1657/1876) specify-workflow slice::synthesis::authority::tests::multi_disagreed_unique_top_is_divergence
        PASS [   0.013s] (1658/1876) specify-workflow slice::synthesis::authority::tests::multi_disagreed_tied_top_is_conflict
        PASS [   0.014s] (1659/1876) specify-workflow slice::synthesis::authority::tests::one_claim_is_agreed_single_source
        PASS [   0.010s] (1660/1876) specify-workflow slice::synthesis::authority::tests::override_for_absent_source_does_not_fire
        PASS [   0.015s] (1661/1876) specify-workflow slice::synthesis::authority::tests::override_only_fires_for_matching_kind
        PASS [   0.012s] (1662/1876) specify-workflow slice::synthesis::authority::tests::resolution_order_step_4_tie_is_conflict
        PASS [   0.013s] (1663/1876) specify-workflow slice::synthesis::authority::tests::step_1_per_slice_override_wins
        PASS [   0.009s] (1664/1876) specify-workflow slice::synthesis::authority::tests::step_2_document_authority_wins
        PASS [   0.015s] (1665/1876) specify-workflow slice::synthesis::authority::tests::step_3_default_ordering_breaks_tie
        PASS [   0.016s] (1666/1876) specify-workflow slice::synthesis::authority::tests::zero_claims_are_unknown_no_evidence
        PASS [   0.015s] (1667/1876) specify-workflow slice::synthesis::project::tests::aborts_on_claim_kind_mismatch
        PASS [   0.014s] (1668/1876) specify-workflow slice::synthesis::project::tests::aborts_on_cross_ref_orphan
        PASS [   0.008s] (1669/1876) specify-workflow slice::synthesis::project::tests::aborts_on_source_orphan
        PASS [   0.013s] (1670/1876) specify-workflow slice::synthesis::project::tests::aborts_on_id_grammar
        PASS [   0.010s] (1671/1876) specify-workflow slice::synthesis::project::tests::kernel_is_deterministic
        PASS [   9.252s] (1672/1876) specify::tool contract::preserves_validator_findings_exit_code
        PASS [   0.015s] (1673/1876) specify-workflow slice::synthesis::project::tests::normalizes_agent_supplied_kernel_fields
        PASS [   0.020s] (1674/1876) specify-workflow slice::synthesis::render::tests::agreed_block_round_trips_through_parser
        PASS [   0.027s] (1675/1876) specify-workflow slice::synthesis::project::tests::projects_model_to_valid_output
        PASS [   0.022s] (1676/1876) specify-workflow slice::synthesis::render::tests::divergence_emits_tag_and_round_trips
        PASS [   0.025s] (1677/1876) specify-workflow slice::synthesis::render::tests::expected_lines_agree_with_parsed_render
        PASS [   0.022s] (1678/1876) specify-workflow slice::synthesis::render::tests::renders_agreed_block_exactly
        PASS [   0.027s] (1679/1876) specify-workflow slice::synthesis::render::tests::expected_provenance_lines_match_model
        PASS [   0.026s] (1680/1876) specify-workflow slice::synthesis::render::tests::scenarios_render_as_headings_and_parse
        PASS [   0.014s] (1681/1876) specify-workflow slice::synthesis::wire::tests::build_inputs_carries_lead_and_claims
        PASS [   0.026s] (1682/1876) specify-workflow slice::synthesis::render::tests::unknown_block_renders_empty_sources
        PASS [   0.012s] (1683/1876) specify-workflow slice::synthesis::wire::tests::response_rejects_unknown_field
        PASS [   0.019s] (1684/1876) specify-workflow slice::synthesis::wire::tests::from_evidence_file_reads_and_shapes
        PASS [   0.012s] (1685/1876) specify-workflow slice::synthesis::wire::tests::response_round_trips_rfc_example
        PASS [   0.010s] (1686/1876) specify-workflow slice::validate::tests::file_location_silent_no_specs
        PASS [   0.015s] (1687/1876) specify-workflow slice::validate::tests::file_location_flags_root_no_canonical
        PASS [   0.010s] (1688/1876) specify-workflow slice::validate::tests::file_location_silent_with_canonical
        PASS [   0.011s] (1689/1876) specify-workflow slice::validate::tests::path_hint_keeps_filename_outside
        PASS [   0.011s] (1690/1876) specify-workflow slice::validate::tests::spec_files_walked_recursively_and_sorted
        PASS [   0.015s] (1691/1876) specify-workflow slice::validate::tests::path_hint_relativises_under_slice
        PASS [   0.013s] (1692/1876) specify-workflow slice::validate::tests::synopsis_blank_is_thin
        PASS [   0.015s] (1693/1876) specify-workflow slice::validate::tests::synopsis_contentful_clears_both_floors
        PASS [   0.011s] (1694/1876) specify-workflow slice::validate::tests::synopsis_thin_below_word_floor
        PASS [   0.015s] (1695/1876) specify-workflow slice::validate::tests::synopsis_thin_below_char_floor
        PASS [   0.014s] (1696/1876) specify-workflow upgrade::tests::classify_brew_cellar
        PASS [   0.009s] (1697/1876) specify-workflow upgrade::tests::classify_cargo_bin
        PASS [   0.009s] (1698/1876) specify-workflow upgrade::tests::classify_cargo_needs_home
        PASS [   0.014s] (1699/1876) specify-workflow upgrade::tests::classify_known_binary_location
        PASS [   0.012s] (1700/1876) specify-workflow upgrade::tests::classify_unknown_path
        PASS [   0.014s] (1701/1876) specify-workflow upgrade::tests::plan_brew_upgrades_formula
        PASS [   0.017s] (1702/1876) specify-workflow upgrade::tests::plan_binary_carries_guidance_no_commands
        PASS [   0.011s] (1703/1876) specify-workflow upgrade::tests::plan_cargo_head_fallback_without_tag
        PASS [   0.014s] (1704/1876) specify-workflow upgrade::tests::plan_cargo_pins_tag
        PASS [   0.011s] (1705/1876) specify-workflow upgrade::tests::tag_from_gh_payload
        PASS [   0.010s] (1706/1876) specify-workflow upgrade::tests::tag_from_json_rejects_missing_and_empty
        PASS [   0.012s] (1707/1876) specify-workflow upgrade::tests::plan_unknown_is_diagnostic
        PASS [   0.012s] (1708/1876) specify-workflow upgrade::tests::tag_from_rest_payload
        PASS [   0.014s] (1709/1876) specify-workflow::adapter axis_collision_rejected_at_resolve_time
        PASS [   0.018s] (1710/1876) specify-workflow::adapter axis_unique_passes_distinct
        PASS [   0.013s] (1711/1876) specify-workflow::adapter axis_unique_rejects_opposite_axis
        PASS [   0.011s] (1712/1876) specify-workflow::adapter cache_dir_resolves_under_axis_segment
        PASS [   0.029s] (1713/1876) specify-workflow::adapter axis_mismatch_reports_diagnostic
        PASS [   0.018s] (1714/1876) specify-workflow::adapter missing_adapter_reports_not_found
        PASS [   0.029s] (1715/1876) specify-workflow::adapter cache_wins_over_local
        PASS [   0.032s] (1716/1876) specify-workflow::adapter malformed_input_rejected_at_load
        PASS [   0.030s] (1717/1876) specify-workflow::adapter resolves_captures_with_tools
        PASS [   0.033s] (1718/1876) specify-workflow::adapter resolves_source_from_local_dir
        PASS [   0.029s] (1719/1876) specify-workflow::adapter resolves_target_adapter_with_inputs
        PASS [   0.023s] (1720/1876) specify-workflow::adapter schema_violations_reject_at_load_time
        PASS [   0.033s] (1721/1876) specify-workflow::adapter resolves_target_from_local_dir
        PASS [   0.014s] (1722/1876) specify-workflow::goldens parity::case_01_single_req_identical
        PASS [   0.015s] (1723/1876) specify-workflow::goldens parity::case_02_multi_req_identical
        PASS [   0.011s] (1724/1876) specify-workflow::goldens parity::case_03_new_baseline_identical
        PASS [   0.032s] (1725/1876) specify-workflow::adapter target_adapter_inputs_default_empty
        PASS [   0.017s] (1726/1876) specify-workflow::goldens parity::case_04_modified_identical
        PASS [   0.010s] (1727/1876) specify-workflow::goldens parity::case_06_renamed_identical
        PASS [   0.012s] (1728/1876) specify-workflow::goldens parity::case_05_removed_identical
        PASS [   9.499s] (1729/1876) specify::tool contract::preserves_validator_json_for_clean
        PASS [   0.012s] (1730/1876) specify-workflow::goldens parity::case_07_all_sections_identical
        PASS [   0.013s] (1731/1876) specify-workflow::goldens parity::case_08_validation_ok_has_no_failures
        PASS [   0.012s] (1732/1876) specify-workflow::goldens parity::case_10_design_refs_python_regex_quirk
        PASS [   0.014s] (1733/1876) specify-workflow::goldens parity::case_09_validation_fails_failure_set
        PASS [   0.008s] (1734/1876) specify-workflow::goldens parity::merge_failure_consolidates_errors
        PASS [   0.022s] (1735/1876) specify-workflow::goldens schemas::evidence_rejects_bad_authority_and_kinds
        PASS [   0.022s] (1736/1876) specify-workflow::goldens schemas::lead_accepts_minimal_shape
        PASS [   0.025s] (1737/1876) specify-workflow::goldens schemas::evidence_accepts_doc_legacy_and_spatial
        PASS [   0.026s] (1738/1876) specify-workflow::goldens schemas::lead_rejects_source_id_tentative
        PASS [   0.024s] (1739/1876) specify-workflow::goldens schemas::plan_accepts_divergence_likely
        PASS [   0.022s] (1740/1876) specify-workflow::goldens schemas::plan_rejects_slice_missing_lead
        PASS [   0.019s] (1741/1876) specify-workflow::goldens schemas::plan_schema_accepts_workflow_intent_n1
        PASS [   0.027s] (1742/1876) specify-workflow::goldens schemas::plan_accepts_multi_source
        PASS [   0.029s] (1743/1876) specify-workflow::goldens schemas::plan_rejects_unknown_divergence
        PASS [   0.024s] (1744/1876) specify-workflow::goldens schemas::plugin_accepts_source_and_target_shapes
        PASS [   0.022s] (1745/1876) specify-workflow::goldens schemas::source_accepts_canonical_shape
        PASS [   0.022s] (1746/1876) specify-workflow::goldens schemas::target_accepts_canonical_shape
        PASS [   0.031s] (1747/1876) specify-workflow::goldens schemas::plugin_rejects_axis_and_primitives
        PASS [   0.027s] (1748/1876) specify-workflow::goldens schemas::source_rejects_axis_and_brief_violations
        PASS [   0.029s] (1749/1876) specify-workflow::goldens schemas::target_rejects_axis_and_brief_violations
        PASS [   0.019s] (1750/1876) specify-workflow::goldens slice_validate::change_bad_matches_golden
        PASS [   0.027s] (1751/1876) specify-workflow::goldens slice_validate::change_good_matches_golden
        PASS [   0.040s] (1752/1876) specify-workflow::merge_slice coherence_failure_rolls_back_all_writes
        PASS [   0.067s] (1753/1876) specify-workflow::merge_slice comp_gate_blocks_overwrite
        PASS [   0.094s] (1754/1876) specify-workflow::merge_slice archive_subdirectory_is_date_prefixed
        PASS [   0.082s] (1755/1876) specify-workflow::merge_slice comp_gate_allows_with_flag
        PASS [   0.086s] (1756/1876) specify-workflow::merge_slice comp_delta_accumulates
        PASS [   0.100s] (1757/1876) specify-workflow::merge_slice comp_gate_skips_without_baseline
        PASS [   9.507s] (1758/1876) specify::tool schema::schema_contract_no_schemas_exits_nonzero
        PASS [   0.127s] (1759/1876) specify-workflow::merge_slice happy_path_writes_flips_and_archives
        PASS [   0.131s] (1760/1876) specify-workflow::merge_slice merge_replaces_baseline_contracts
        PASS [   0.132s] (1761/1876) specify-workflow::merge_slice merge_copies_contract_files_to_baseline
        PASS [   0.132s] (1762/1876) specify-workflow::merge_slice merge_leaves_untouched_contracts
        PASS [   0.085s] (1763/1876) specify-workflow::merge_slice merge_without_contracts_dir
        PASS [   0.053s] (1764/1876) specify-workflow::merge_slice preview_baseline_contracts_replaced
        PASS [   0.012s] (1765/1876) specify-workflow::registry accepts_single_project_single_repo
        PASS [   0.011s] (1766/1876) specify-workflow::registry contract_roles_none_omits_contracts_key
        PASS [   0.018s] (1767/1876) specify-workflow::registry accepts_multi_project_not_single_repo
        PASS [   0.024s] (1768/1876) specify-workflow::merge_slice preview_new_contracts_added
        PASS [   0.009s] (1769/1876) specify-workflow::registry contract_roles_round_trip_omits_empty
        PASS [   0.023s] (1770/1876) specify-workflow::merge_slice preview_no_contracts_returns_empty_list
        PASS [   0.009s] (1771/1876) specify-workflow::registry description_round_trips_through_serde
        PASS [   0.028s] (1772/1876) specify-workflow::merge_slice wrong_precondition_aborts_cleanly
        PASS [   0.011s] (1773/1876) specify-workflow::registry multi_project_missing_description
        PASS [   0.012s] (1774/1876) specify-workflow::registry multi_project_with_descriptions
        PASS [   0.009s] (1775/1876) specify-workflow::registry path_helper_points_at_repo_root
        PASS [   0.011s] (1776/1876) specify-workflow::registry project_url_materialises_as_symlink
        PASS [   0.011s] (1777/1876) specify-workflow::registry registry_absent_returns_none
        PASS [   0.010s] (1778/1876) specify-workflow::registry registry_accepts_empty_projects_list
        PASS [   0.008s] (1779/1876) specify-workflow::registry registry_accepts_url_shapes_for_c28
        PASS [   0.011s] (1780/1876) specify-workflow::registry registry_accepts_missing_adapter
        PASS [   0.013s] (1781/1876) specify-workflow::registry registry_accepts_empty_string_adapter
        PASS [   0.011s] (1782/1876) specify-workflow::registry registry_parses_canonical_example
        PASS [   0.009s] (1783/1876) specify-workflow::registry registry_rejects_empty_string_name
        PASS [   0.010s] (1784/1876) specify-workflow::registry registry_project_order_preserved
        PASS [   0.015s] (1785/1876) specify-workflow::registry registry_parses_multi_project
        PASS [   0.012s] (1786/1876) specify-workflow::registry registry_rejects_empty_string_url
        PASS [   0.011s] (1787/1876) specify-workflow::registry registry_rejects_file_url_scheme
        PASS [   0.010s] (1788/1876) specify-workflow::registry registry_rejects_missing_name
        PASS [   0.010s] (1789/1876) specify-workflow::registry registry_rejects_missing_url
        PASS [   0.012s] (1790/1876) specify-workflow::registry registry_rejects_missing_version
        PASS [   0.009s] (1791/1876) specify-workflow::registry registry_rejects_unknown_project_key
        PASS [   0.013s] (1792/1876) specify-workflow::registry registry_rejects_non_kebab_case_name
        PASS [   0.012s] (1793/1876) specify-workflow::registry registry_rejects_unknown_imports_field
        PASS [   0.011s] (1794/1876) specify-workflow::registry registry_rejects_unknown_top_level_key
        PASS [   0.012s] (1795/1876) specify-workflow::registry registry_rejects_unsupported_url_scheme
        PASS [   0.015s] (1796/1876) specify-workflow::registry registry_rejects_version_not_one
        PASS [   0.014s] (1797/1876) specify-workflow::registry registry_rejects_whitespace_only_url
        PASS [   0.014s] (1798/1876) specify-workflow::registry registry_round_trip_serialize
        PASS [   0.013s] (1799/1876) specify-workflow::registry rejects_absolute_path_in_contract_role
        PASS [   0.009s] (1800/1876) specify-workflow::registry rejects_colon_without_scheme_or_git_at
        PASS [   0.013s] (1801/1876) specify-workflow::registry rejects_absolute_unix_path_as_url
        PASS [   0.011s] (1802/1876) specify-workflow::registry rejects_duplicate_project_names
        PASS [   0.010s] (1803/1876) specify-workflow::registry rejects_self_consistency_violation
        PASS [   0.014s] (1804/1876) specify-workflow::registry rejects_dotdot_in_contract_path
        PASS [   0.012s] (1805/1876) specify-workflow::registry rejects_single_producer_violation
        PASS [   0.010s] (1806/1876) specify-workflow::registry rejects_url_with_leading_whitespace
        PASS [   0.014s] (1807/1876) specify-workflow::registry rejects_unknown_contract_roles_key
        PASS [   0.010s] (1808/1876) specify-workflow::registry single_project_without_description_ok
        PASS [   0.011s] (1809/1876) specify-workflow::registry validate_shape_unchanged_for_dot_url
        PASS [   0.011s] (1810/1876) specify-workflow::registry with_contract_roles_parses_and_validates
        PASS [   0.012s] (1811/1876) specify-workflow::registry workspace_accepts_empty_projects
        PASS [   0.009s] (1812/1876) specify-workflow::registry workspace_accepts_non_dot_urls
        PASS [   0.013s] (1813/1876) specify-workflow::registry without_contract_roles_still_parses
        PASS [   0.010s] (1814/1876) specify-workflow::registry workspace_inherits_base_errors
        PASS [   0.010s] (1815/1876) specify-workflow::registry workspace_rejects_dot_url_entry
        PASS [   0.011s] (1816/1876) specify-workflow::registry workspace_rejects_dot_url_multi
        PASS [   0.013s] (1817/1876) specify-workflow::runner missing_artifact_produces_synth_failure
        PASS [   0.008s] (1818/1876) specify-workflow::workspace c01_selector_preserves_order
        PASS [   0.016s] (1819/1876) specify-workflow::runner validate_slice_passes_all_rules
        PASS [   0.010s] (1820/1876) specify-workflow::workspace c01_selector_rejects_unknown
        PASS [   0.014s] (1821/1876) specify-workflow::workspace c01_status_selected_in_registry_order
        PASS [   0.012s] (1822/1876) specify-workflow::workspace c01_sync_selected_slots_only
        PASS [   0.013s] (1823/1876) specify-workflow::workspace c02_local_slot_refuses_non_symlink
        PASS [   0.027s] (1824/1876) specify-workflow::workspace c00_sync_materialises_all_projects
        PASS [   0.011s] (1825/1876) specify-workflow::workspace c02_remote_slot_refuses_existing_symlink
        PASS [   0.013s] (1826/1876) specify-workflow::workspace c02_local_slot_wrong_symlink
        PASS [   0.011s] (1827/1876) specify-workflow::workspace c02_sync_recreates_deleted_slot
        PASS [   0.012s] (1828/1876) specify-workflow::workspace c02_sync_preserves_gitignore_once
        PASS [   0.010s] (1829/1876) specify-workflow::workspace c02_sync_refuses_symlinked_base
        PASS [   0.014s] (1830/1876) specify-workflow::workspace c02_sync_refuses_escaping_name
        PASS [   0.010s] (1831/1876) specify-workflow::workspace c03_status_other_materialisation
        PASS [   0.065s] (1832/1876) specify-workflow::workspace c04_prepare_reports_missing_origin
        PASS [   0.125s] (1833/1876) specify-workflow::workspace c03_status_git_clone_mismatch
        PASS [   0.130s] (1834/1876) specify-workflow::workspace c03_status_enriches_symlink_state
        PASS [   0.292s] (1835/1876) specify-workflow::workspace c04_prepare_blocks_unrelated_dirty
        PASS [   0.177s] (1836/1876) specify-workflow::workspace c04_prepare_unresolved_origin_head
        PASS [   0.307s] (1837/1876) specify-workflow::workspace c04_prepare_creates_change_branch
        PASS [   0.265s] (1838/1876) specify-workflow::workspace c07_push_dirty_without_push
        PASS [   0.015s] (1839/1876) specify-workflow::workspace c07_push_selector_unknown_preflight
        PASS [   0.138s] (1840/1876) specify-workflow::workspace c07_push_missing_origin_is_local_only
        PASS [   0.470s] (1841/1876) specify-workflow::workspace c04_prepare_reuses_resume_dirty_ok
        PASS [   0.043s] (1842/1876) specify-workflow::workspace c10_slot_problem_wrong_origin
        PASS [   0.011s] (1843/1876) specify-workflow::workspace c10_slot_problem_wrong_symlink
        PASS [   0.008s] (1844/1876) specify-workflow::workspace forge_branch_matchers_round_trip
        PASS [   0.013s] (1845/1876) specify-workflow::workspace github_slug_handles_each_supported_form
        PASS [   0.328s] (1846/1876) specify-workflow::workspace c07_push_dry_run_classifies
        PASS [   0.191s] (1847/1876) specify-workflow::workspace c07_push_wrong_branch_no_checkout
        PASS [   0.017s] (1848/1876) specify-workflow::workspace mirror_lands_and_resync_refreshes
        PASS [   0.018s] (1849/1876) specify-workflow::workspace mirror_covers_target_axis_and_sidecars
        PASS [   0.014s] (1850/1876) specify-workflow::workspace mirror_leaves_foreign_cache_entries
        PASS [   0.014s] (1851/1876) specify-workflow::workspace mirror_skips_non_specify_peer
        PASS [   0.016s] (1852/1876) specify-workflow::workspace mirror_prefers_workspace_cache_copy
        PASS [   0.017s] (1853/1876) specify-workflow::workspace mirror_skips_opposite_axis_vendored_name
        PASS [   0.014s] (1854/1876) specify-workflow::workspace mirror_skips_self_slot
        PASS [   0.013s] (1855/1876) specify-workflow::workspace status_missing_unrealised_slot
        PASS [   0.663s] (1856/1876) specify-workflow::workspace c04_prepare_ff_remote_ahead
        PASS [   0.015s] (1857/1876) specify-workflow::workspace mirror_skips_slot_vendored_name
        PASS [   0.009s] (1858/1876) specify-workflow::workspace status_none_without_registry
        PASS [   0.010s] (1859/1876) specify-workflow::workspace sync_lays_workspace_under_dot_specify
        PASS [   0.012s] (1860/1876) specify-workflow::workspace sync_symlink_creates_gitignore
        PASS [   0.016s] (1861/1876) specify-workflow::workspace status_symlink_kind_after_sync
        PASS [   0.015s] (1862/1876) specify-workflow::workspace workspace_sync_no_registry_is_noop
        PASS [   0.387s] (1863/1876) specify-workflow::workspace c07_push_pushes_clean_change_branch_only
        PASS [   0.046s] (1864/1876) specify-workflow::workspace topology_lock_projects_baseline
        PASS [   0.043s] (1865/1876) specify-workflow::workspace topology_lock_projects_decisions
        PASS [   0.425s] (1866/1876) specify-workflow::workspace c07_push_up_to_date
        PASS [  32.740s] (1867/1876) specify::catalog_infer report_clusters_repeated_group
        PASS [  35.000s] (1868/1876) specify::catalog_infer bind_projects_matched_pin
        PASS [  35.100s] (1869/1876) specify::catalog_infer bind_part_does_not_override_rejected
        PASS [  32.948s] (1870/1876) specify::catalog_infer bind_reports_unmatched_pin
        PASS [  32.048s] (1871/1876) specify::tool schema::schema_vectis_tokens_returns_valid_json
        PASS [  32.251s] (1872/1876) specify::tool schema::schema_vectis_unknown_name_exits_nonzero
        SLOW [> 60.000s] (─────────) specify::catalog_infer bind_operator_part_wins_slug_over_skill
        SLOW [> 60.000s] (─────────) specify::catalog_infer report_echoes_bound_slug_after_bind
        SLOW [> 60.000s] (─────────) specify::catalog_infer report_clusters_with_candidate_cache
        SLOW [> 60.000s] (─────────) specify::plan end_to_end::rfc40_composition_inference_capstone
        PASS [  64.213s] (1873/1876) specify::catalog_infer bind_operator_part_wins_slug_over_skill
        PASS [  62.274s] (1874/1876) specify::catalog_infer report_echoes_bound_slug_after_bind
        PASS [  62.307s] (1875/1876) specify::catalog_infer report_clusters_with_candidate_cache
        PASS [  62.911s] (1876/1876) specify::plan end_to_end::rfc40_composition_inference_capstone
────────────
     Summary [  66.952s] 1876 tests run: 1876 passed (4 slow), 3 skipped
[cargo-make] INFO - Execute Command: "cargo" "test" "--doc" "--all-features" "--workspace"
    Finished `test` profile [unoptimized + debuginfo] target(s) in 0.53s
   Doc-tests specify

running 0 tests

test result: ok. 0 passed; 0 failed; 0 ignored; 0 measured; 0 filtered out; finished in 0.00s

   Doc-tests specify_agents

running 0 tests

test result: ok. 0 passed; 0 failed; 0 ignored; 0 measured; 0 filtered out; finished in 0.00s

   Doc-tests specify_diagnostics

running 0 tests

test result: ok. 0 passed; 0 failed; 0 ignored; 0 measured; 0 filtered out; finished in 0.00s

   Doc-tests specify_digest

running 0 tests

test result: ok. 0 passed; 0 failed; 0 ignored; 0 measured; 0 filtered out; finished in 0.00s

   Doc-tests specify_error

running 0 tests

test result: ok. 0 passed; 0 failed; 0 ignored; 0 measured; 0 filtered out; finished in 0.00s

   Doc-tests specify_model

running 0 tests

test result: ok. 0 passed; 0 failed; 0 ignored; 0 measured; 0 filtered out; finished in 0.00s

   Doc-tests specify_schema

running 0 tests

test result: ok. 0 passed; 0 failed; 0 ignored; 0 measured; 0 filtered out; finished in 0.00s

   Doc-tests specify_standards

running 0 tests

test result: ok. 0 passed; 0 failed; 0 ignored; 0 measured; 0 filtered out; finished in 0.00s

   Doc-tests specify_tool

running 0 tests

test result: ok. 0 passed; 0 failed; 0 ignored; 0 measured; 0 filtered out; finished in 0.00s

   Doc-tests specify_validate

running 0 tests

test result: ok. 0 passed; 0 failed; 0 ignored; 0 measured; 0 filtered out; finished in 0.00s

   Doc-tests specify_workflow

running 0 tests

test result: ok. 0 passed; 0 failed; 0 ignored; 0 measured; 0 filtered out; finished in 0.00s

[cargo-make] INFO - Execute Command: "cargo" "doc" "--no-deps" "--workspace" "--all-features" "--locked"
    Checking cfg-if v1.0.4
    Checking foldhash v0.2.0
    Checking memchr v2.8.0
    Checking equivalent v1.0.2
    Checking typenum v1.20.0
    Checking once_cell v1.21.4
    Checking itoa v1.0.18
    Checking allocator-api2 v0.2.21
    Checking serde_core v1.0.228
    Checking libc v0.2.186
    Checking subtle v2.6.1
    Checking log v0.4.29
    Checking zmij v1.0.21
    Checking zeroize v1.8.2
    Checking num-traits v0.2.19
    Checking zerofrom v0.1.8
    Checking stable_deref_trait v1.2.1
    Checking hashbrown v0.17.1
    Checking scopeguard v1.2.0
    Checking const-oid v0.9.6
    Checking bytes v1.11.1
    Checking litemap v0.8.2
    Checking writeable v0.6.3
    Checking yoke v0.8.2
    Checking lock_api v0.4.14
    Checking percent-encoding v2.3.2
    Checking base64 v0.22.1
   Compiling getrandom v0.3.4
    Checking utf8_iter v1.0.4
    Checking zerovec v0.11.6
    Checking zerotrie v0.2.4
    Checking thiserror v2.0.18
    Checking zerocopy v0.8.48
   Compiling jobserver v0.1.34
    Checking errno v0.3.14
    Checking getrandom v0.2.17
    Checking icu_normalizer_data v2.2.0
    Checking icu_properties_data v2.2.0
   Compiling anyhow v1.0.102
    Checking hashbrown v0.16.1
    Checking encoding_rs v0.8.35
    Checking core-foundation-sys v0.8.7
    Checking aho-corasick v1.1.4
    Checking regex-syntax v0.8.10
    Checking generic-array v0.14.7
   Compiling cc v1.2.62
    Checking pin-project-lite v0.2.17
    Checking base16ct v0.2.0
    Checking unicode-width v0.2.2
   Compiling either v1.16.0
   Compiling fnv v1.0.7
    Checking tinystr v0.8.3
    Checking potential_utf v0.1.5
    Checking anstyle v1.0.14
    Checking rand_core v0.6.4
    Checking icu_collections v2.2.0
    Checking icu_locale_core v2.2.0
   Compiling itertools v0.12.1
    Checking futures-core v0.3.32
    Checking arraydeque v0.5.1
    Checking block-buffer v0.10.4
    Checking crypto-common v0.1.7
    Checking cpufeatures v0.2.17
    Checking lazy_static v1.5.0
   Compiling indexmap v2.14.0
    Checking futures-sink v0.3.32
    Checking num-integer v0.1.46
    Checking signal-hook-registry v1.4.8
    Checking socket2 v0.6.3
    Checking digest v0.10.7
    Checking mio v1.2.0
    Checking leb128fmt v0.1.0
   Compiling strsim v0.11.1
    Checking sha2 v0.10.9
    Checking slab v0.4.12
    Checking serde v1.0.228
    Checking bitflags v2.11.1
    Checking serde_json v1.0.150
    Checking icu_provider v2.2.0
    Checking semver v1.0.28
   Compiling cmake v0.1.58
    Checking num-bigint v0.4.6
    Checking rustix v1.1.4
    Checking hybrid-array v0.4.12
    Checking libm v0.2.16
    Checking icu_properties v2.2.0
    Checking http v1.4.0
    Checking regex-automata v0.4.14
    Checking base64ct v1.8.3
    Checking smallvec v1.15.1
    Checking ref-cast v1.0.25
   Compiling prost-derive v0.12.6
    Checking num-iter v0.1.45
    Checking encoding_rs_io v0.1.7
    Checking pem-rfc7468 v0.7.0
    Checking parking_lot_core v0.9.12
    Checking icu_normalizer v2.2.0
    Checking granit-parser v0.0.2
    Checking annotate-snippets v0.12.16
    Checking num-complex v0.4.6
   Compiling aws-lc-sys v0.41.0
   Compiling ring v0.17.14
    Checking parking_lot v0.12.5
    Checking num-rational v0.4.2
    Checking futures-io v0.3.32
    Checking borrow-or-share v0.2.4
    Checking wasmtime-internal-core v45.0.0
    Checking tokio v1.52.3
    Checking futures-task v0.3.32
    Checking bit-vec v0.8.0
    Checking nohash-hasher v0.2.0
    Checking fluent-uri v0.4.1
    Checking strum v0.28.0
    Checking num v0.4.3
    Checking idna_adapter v1.2.2
    Checking der v0.7.10
    Checking futures-util v0.3.32
    Checking crypto-common v0.2.2
    Checking block-buffer v0.12.0
    Checking bit-set v0.8.0
    Checking idna v1.1.0
    Checking crc32fast v1.5.0
    Checking jiff v0.2.24
    Checking bumpalo v3.20.3
    Checking tracing-core v0.1.36
    Checking ahash v0.8.12
    Checking const-oid v0.10.2
    Checking rand_core v0.10.1
    Checking vsimd v0.8.0
    Checking outref v0.5.2
    Checking ipnet v2.12.0
    Checking serde-saphyr v0.0.26
    Checking micromap v0.3.0
   Compiling logos-codegen v0.14.4
    Checking tracing v0.1.44
    Checking digest v0.11.3
   Compiling prost v0.12.6
    Checking spki v0.7.3
    Checking uuid-simd v0.8.0
    Checking regex v1.12.3
    Checking referencing v0.46.5
    Checking fancy-regex v0.18.0
    Checking cranelift-bitset v0.132.0
    Checking fraction v0.15.4
    Checking unicode-general-category v1.1.0
   Compiling getrandom v0.4.2
    Checking email_address v0.2.9
    Checking cpufeatures v0.3.0
    Checking rustls-pki-types v1.14.1
    Checking untrusted v0.9.0
   Compiling fastrand v2.4.1
    Checking num-cmp v0.1.0
    Checking bytecount v0.6.9
   Compiling fixedbitset v0.4.2
    Checking data-encoding v2.11.0
    Checking sha2 v0.11.0
   Compiling tempfile v3.27.0
   Compiling petgraph v0.6.5
    Checking pkcs8 v0.10.2
    Checking signature v2.2.0
    Checking jsonschema v0.46.5
    Checking futures-channel v0.3.32
    Checking ff v0.13.1
   Compiling itertools v0.11.0
    Checking iana-time-zone v0.1.65
    Checking form_urlencoded v1.2.2
   Compiling unicode-xid v0.2.6
   Compiling heck v0.4.1
    Checking base64 v0.21.7
   Compiling miette v7.6.0
    Checking group v0.13.0
    Checking specify-error v0.2.0 (/Users/goldie/git/augentic/specify-cli/crates/error)
   Compiling logos-derive v0.14.4
    Checking sec1 v0.7.3
   Compiling pulley-interpreter v45.0.0
    Checking httparse v1.10.1
    Checking cranelift-entity v0.132.0
    Checking http-body v1.0.1
    Checking crypto-bigint v0.5.5
   Compiling cranelift-codegen-shared v0.132.0
    Checking specify-digest v0.2.0 (/Users/goldie/git/augentic/specify-cli/crates/digest)
    Checking target-lexicon v0.13.5
    Checking url v2.5.8
   Compiling logos v0.14.4
    Checking tokio-util v0.7.18
    Checking cranelift-bforest v0.132.0
   Compiling prost-types v0.12.6
   Compiling thiserror v1.0.69
    Checking gimli v0.33.0
    Checking hmac v0.12.1
    Checking atomic-waker v1.1.2
    Checking try-lock v0.2.5
    Checking tower-service v0.3.3
    Checking rfc6979 v0.4.0
    Checking system-configuration-sys v0.6.0
    Checking want v0.3.1
    Checking chrono v0.4.44
    Checking h2 v0.4.14
    Checking toml_datetime v0.6.11
    Checking serde_spanned v0.6.9
   Compiling darling_core v0.20.11
    Checking core-foundation v0.9.4
    Checking winnow v0.7.15
    Checking foldhash v0.1.5
    Checking elliptic-curve v0.13.8
    Checking toml_write v0.1.2
    Checking ryu v1.0.23
    Checking specify-schema v0.2.0 (/Users/goldie/git/augentic/specify-cli/crates/schema)
   Compiling pbjson-build v0.6.2
   Compiling prost-build v0.12.6
    Checking leb128 v0.2.6
    Checking arbitrary v1.4.2
   Compiling prost-reflect v0.13.1
   Compiling protox-parse v0.6.1
   Compiling ucd-trie v0.1.7
    Checking rustc-hash v2.1.2
   Compiling cranelift-codegen-meta v0.132.0
    Checking regalloc2 v0.15.1
   Compiling pest v2.8.6
    Checking specify-diagnostics v0.2.0 (/Users/goldie/git/augentic/specify-cli/crates/diagnostics)
    Checking ecdsa v0.16.9
    Checking cranelift-control v0.132.0
    Checking primeorder v0.13.6
    Checking system-configuration v0.7.0
   Compiling const-random-macro v0.1.16
    Checking hashbrown v0.15.5
    Checking cranelift-assembler-x64 v0.132.0
    Checking toml_edit v0.22.27
    Checking io-lifetimes v2.0.4
    Checking webpki-roots v1.0.7
   Compiling pbjson-types v0.6.0
    Checking hashbrown v0.14.5
    Checking wasmparser v0.248.0
   Compiling darling_core v0.23.0
    Checking sync_wrapper v1.0.2
   Compiling protox v0.6.1
    Checking security-framework-sys v2.17.0
   Compiling darling_macro v0.20.11
    Checking core-foundation v0.10.1
    Checking cobs v0.3.0
    Checking hex v0.4.3
    Checking tower-layer v0.3.3
    Checking termcolor v1.4.1
    Checking security-framework v3.7.0
    Checking tower v0.5.3
    Checking postcard v1.1.3
   Compiling darling v0.20.11
    Checking toml v0.8.23
   Compiling pest_meta v2.8.6
    Checking const-random v0.1.18
    Checking hyper v1.9.0
    Checking p256 v0.13.2
    Checking object v0.39.1
    Checking pbjson v0.6.0
    Checking wasmparser v0.121.2
    Checking secrecy v0.8.0
    Checking wasm-encoder v0.248.0
   Compiling cranelift-codegen v0.132.0
    Checking hyper-util v0.1.20
   Compiling warg-protobuf v0.9.2
    Checking utf8parse v0.2.2
    Checking wasmtime-internal-component-util v45.0.0
    Checking simd-adler32 v0.3.9
    Checking adler2 v2.0.1
    Checking miniz_oxide v0.8.9
   Compiling darling_macro v0.23.0
    Checking anstyle-parse v1.0.0
   Compiling derive_builder_core v0.20.2
    Checking warg-crypto v0.9.2
   Compiling pest_generator v2.8.6
   Compiling darling v0.23.0
    Checking tower-http v0.6.11
    Checking io-extras v0.18.4
    Checking wasmparser v0.244.0
    Checking fs-set-times v0.20.3
    Checking serde_urlencoded v0.7.1
    Checking http-body-util v0.1.3
    Checking dlv-list v0.5.2
    Checking konst_macro_rules v0.2.19
    Checking option-ext v0.2.0
    Checking colorchoice v1.0.5
    Checking same-file v1.0.6
    Checking ambient-authority v0.0.2
    Checking is_terminal_polyfill v1.70.2
    Checking maybe-owned v0.3.4
    Checking tinyvec_macros v0.1.1
    Checking anstyle-query v1.1.5
    Checking dirs-sys v0.4.1
    Checking walkdir v2.5.0
    Checking tinyvec v1.11.0
    Checking wasmprinter v0.248.0
    Checking anstream v1.0.0
    Checking ordered-multimap v0.7.3
    Checking konst v0.2.20
    Checking cap-primitives v3.4.5
   Compiling wit-parser v0.248.0
   Compiling derive_builder_macro v0.20.2
   Compiling pest_derive v2.8.6
    Checking flate2 v1.1.9
    Checking hashlink v0.8.4
   Compiling wasmtime-internal-fiber v45.0.0
   Compiling const_format_proc_macros v0.2.34
    Checking wasm-encoder v0.250.0
    Checking bitmaps v2.1.0
    Checking topological-sort v0.2.2
    Checking clap_lex v1.1.0
    Checking unicode-segmentation v1.13.2
    Checking minimal-lexical v0.2.1
    Checking clap_builder v4.6.0
    Checking nom v7.1.3
    Checking convert_case v0.6.0
    Checking json5 v0.4.1
    Checking auditable-serde v0.8.0
    Checking sized-chunks v0.6.5
    Checking wasmtime-environ v45.0.0
    Checking const_format v0.2.36
    Checking wast v250.0.0
    Checking yaml-rust2 v0.8.1
    Checking derive_builder v0.20.2
    Checking unicode-normalization v0.1.25
    Checking rust-ini v0.20.0
   Compiling wasmtime v45.0.0
    Checking itertools v0.14.0
    Checking warg-transparency v0.9.2
    Checking ron v0.8.1
    Checking spdx v0.10.9
   Compiling wasmtime-internal-wit-bindgen v45.0.0
    Checking rand_xoshiro v0.6.0
   Compiling serde_with_macros v3.20.0
    Checking ordered-float v2.10.1
    Checking pathdiff v0.2.3
    Checking strum v0.27.2
    Checking unsafe-libyaml v0.2.11
    Checking lazy_static v0.2.11
    Checking id-arena v2.3.0
    Checking tint v1.0.1
    Checking serde-value v0.7.0
    Checking clap v4.6.1
    Checking im-rc v15.1.0
    Checking wasm-encoder v0.244.0
    Checking wit-parser v0.244.0
    Checking olpc-cjson v0.1.4
    Checking serde_yaml v0.9.34+deprecated
    Checking serde_with v3.20.0
    Checking cap-std v3.4.5
    Checking config v0.14.1
    Checking crossbeam-utils v0.8.21
    Checking directories v5.0.1
    Checking wasm-encoder v0.41.2
    Checking wasm-metadata v0.244.0
    Checking jsonwebtoken v10.4.0
    Checking wasmtime-internal-jit-icache-coherence v45.0.0
    Checking console v0.15.11
    Checking mach2 v0.4.3
    Checking http-auth v0.1.10
    Checking mime v0.3.17
    Checking unicase v2.9.0
    Checking wat v1.250.0
    Checking shell-words v1.1.1
    Checking wit-component v0.244.0
    Checking crossbeam-epoch v0.9.18
   Compiling wasmtime-internal-component-macro v45.0.0
    Checking dialoguer v0.11.0
    Checking ptree v0.5.2
    Checking dirs v5.0.1
    Checking wasm-compose v0.5.5
    Checking wasmprinter v0.2.80
    Checking keyring v3.6.3
    Checking sha256 v1.6.0
    Checking specify-model v0.2.0 (/Users/goldie/git/augentic/specify-cli/crates/model)
    Checking futures v0.3.32
    Checking matchers v0.2.0
    Checking chacha20 v0.10.0
    Checking sharded-slab v0.1.7
    Checking etcetera v0.11.0
    Checking thread_local v1.1.9
    Checking glob v0.3.3
    Checking normpath v1.5.1
    Checking wasm-pkg-common v0.15.0
    Checking rand v0.10.1
    Checking crossbeam-deque v0.8.6
    Checking cap-fs-ext v3.4.5
    Checking cap-net-ext v3.4.5
    Checking cap-time-ext v3.4.5
    Checking tracing-subscriber v0.3.23
    Checking ureq-proto v0.6.0
    Checking docker_credential v1.4.0
    Checking utf8-zero v0.8.1
    Checking bstr v1.12.1
    Checking rayon-core v1.13.0
    Checking fixedbitset v0.5.7
    Checking specify-validate v0.2.0 (/Users/goldie/git/augentic/specify-cli/crates/validate)
    Checking specify-agents v0.2.0 (/Users/goldie/git/augentic/specify-cli/crates/agents)
    Checking clap_complete v4.6.5
 Documenting specify-validate v0.2.0 (/Users/goldie/git/augentic/specify-cli/crates/validate)
    Checking petgraph v0.8.3
    Checking rayon v1.12.0
 Documenting specify-agents v0.2.0 (/Users/goldie/git/augentic/specify-cli/crates/agents)
    Checking globset v0.4.18
 Documenting specify-model v0.2.0 (/Users/goldie/git/augentic/specify-cli/crates/model)
 Documenting specify-diagnostics v0.2.0 (/Users/goldie/git/augentic/specify-cli/crates/diagnostics)
 Documenting specify-schema v0.2.0 (/Users/goldie/git/augentic/specify-cli/crates/schema)
    Checking ignore v0.4.25
    Checking oci-spec v0.9.0
 Documenting specify-digest v0.2.0 (/Users/goldie/git/augentic/specify-cli/crates/digest)
 Documenting specify-error v0.2.0 (/Users/goldie/git/augentic/specify-cli/crates/error)
    Checking specify-standards v0.2.0 (/Users/goldie/git/augentic/specify-cli/crates/standards)
 Documenting specify-standards v0.2.0 (/Users/goldie/git/augentic/specify-cli/crates/standards)
    Checking warg-protocol v0.9.2
    Checking warg-api v0.9.2
    Checking cranelift-frontend v0.132.0
    Checking wasmtime-internal-unwinder v45.0.0
    Checking cranelift-native v0.132.0
    Checking wasmtime-internal-cranelift v45.0.0
   Compiling aws-lc-rs v1.17.0
   Compiling rustls v0.23.40
    Checking rustls-webpki v0.103.13
    Checking tokio-rustls v0.26.4
    Checking rustls-platform-verifier v0.7.0
    Checking ureq v3.3.0
    Checking hyper-rustls v0.27.9
    Checking reqwest v0.13.3
    Checking reqwest v0.12.28
    Checking oci-client v0.16.1
    Checking warg-client v0.9.2
    Checking wasmtime-wasi-io v45.0.0
    Checking oci-wasm v0.4.0
    Checking wasmtime-wasi v45.0.0
    Checking wasm-pkg-client v0.15.0
    Checking specify-tool v0.2.0 (/Users/goldie/git/augentic/specify-cli/crates/tool)
 Documenting specify-tool v0.2.0 (/Users/goldie/git/augentic/specify-cli/crates/tool)
    Checking specify-workflow v0.2.0 (/Users/goldie/git/augentic/specify-cli/crates/workflow)
 Documenting specify-workflow v0.2.0 (/Users/goldie/git/augentic/specify-cli/crates/workflow)
 Documenting specify v0.2.0 (/Users/goldie/git/augentic/specify-cli)
    Finished `dev` profile [unoptimized + debuginfo] target(s) in 22.68s
   Generated /var/folders/4j/907gy6rs77s83mh1_s9_39_w0000gn/T/cursor-sandbox-cache/4625a2ee5c50b505c48b5caddda7c139/cargo-target/doc/specify/index.html and 10 other files
[cargo-make] INFO - Build Done in 223.97 seconds.
